,img_height,img_width,face_num,x1,x2,y1,y2,area,pct_of_frame,confidence,frame_num,video_src,season,episode,series_id,encoding_path
0,540,1080,0,65,101,472,65,14652,0.025,5.206925061705988,2208,/home/amos/media/tv/Servant.S01.HDR.2160p.WEB.h265-NiXON/Servant.S01E09.HDR.2160p.WEB.h265-NiXON.mkv,1,9,8068860,
1,540,1080,0,73,82,471,73,3582,0.006,6.259353070345242,2232,/home/amos/media/tv/Servant.S01.HDR.2160p.WEB.h265-NiXON/Servant.S01E09.HDR.2160p.WEB.h265-NiXON.mkv,1,9,8068860,
2,540,1080,0,73,74,472,73,399,0.001,4.54649312159745,2256,/home/amos/media/tv/Servant.S01.HDR.2160p.WEB.h265-NiXON/Servant.S01E09.HDR.2160p.WEB.h265-NiXON.mkv,1,9,8068860,
3,540,1080,0,68,49,471,68,7657,0.013,4.275639182364103,2280,/home/amos/media/tv/Servant.S01.HDR.2160p.WEB.h265-NiXON/Servant.S01E09.HDR.2160p.WEB.h265-NiXON.mkv,1,9,8068860,
4,540,1080,0,75,35,477,75,16080,0.028,4.236381112772506,2304,/home/amos/media/tv/Servant.S01.HDR.2160p.WEB.h265-NiXON/Servant.S01E09.HDR.2160p.WEB.h265-NiXON.mkv,1,9,8068860,
5,540,1080,0,86,19,470,86,25728,0.044,6.176351935428102,2328,/home/amos/media/tv/Servant.S01.HDR.2160p.WEB.h265-NiXON/Servant.S01E09.HDR.2160p.WEB.h265-NiXON.mkv,1,9,8068860,
6,540,1080,0,79,5,476,79,29378,0.05,6.519269032927696,2352,/home/amos/media/tv/Servant.S01.HDR.2160p.WEB.h265-NiXON/Servant.S01E09.HDR.2160p.WEB.h265-NiXON.mkv,1,9,8068860,
7,540,1080,0,59,343,530,59,133764,0.229,2.938663021486718,3096,/home/amos/media/tv/Servant.S01.HDR.2160p.WEB.h265-NiXON/Servant.S01E09.HDR.2160p.WEB.h265-NiXON.mkv,1,9,8068860,
8,540,1080,0,55,78,967,55,20976,0.036,8.465496027492918,3384,/home/amos/media/tv/Servant.S01.HDR.2160p.WEB.h265-NiXON/Servant.S01E09.HDR.2160p.WEB.h265-NiXON.mkv,1,9,8068860,
9,540,1080,0,57,75,896,57,15102,0.026,10.134109132632148,3408,/home/amos/media/tv/Servant.S01.HDR.2160p.WEB.h265-NiXON/Servant.S01E09.HDR.2160p.WEB.h265-NiXON.mkv,1,9,8068860,
10,540,1080,1,64,72,1000,64,7488,0.013,7.351361113775056,3408,/home/amos/media/tv/Servant.S01.HDR.2160p.WEB.h265-NiXON/Servant.S01E09.HDR.2160p.WEB.h265-NiXON.mkv,1,9,8068860,
11,540,1080,0,58,71,831,58,10049,0.017,10.649052060383838,3432,/home/amos/media/tv/Servant.S01.HDR.2160p.WEB.h265-NiXON/Servant.S01E09.HDR.2160p.WEB.h265-NiXON.mkv,1,9,8068860,
12,540,1080,1,68,72,934,68,3464,0.006,6.856875055644196,3432,/home/amos/media/tv/Servant.S01.HDR.2160p.WEB.h265-NiXON/Servant.S01E09.HDR.2160p.WEB.h265-NiXON.mkv,1,9,8068860,
13,540,1080,0,46,92,979,46,42918,0.074,6.70979109959444,3456,/home/amos/media/tv/Servant.S01.HDR.2160p.WEB.h265-NiXON/Servant.S01E09.HDR.2160p.WEB.h265-NiXON.mkv,1,9,8068860,
14,540,1080,1,61,70,757,61,6264,0.011,8.872813994705211,3456,/home/amos/media/tv/Servant.S01.HDR.2160p.WEB.h265-NiXON/Servant.S01E09.HDR.2160p.WEB.h265-NiXON.mkv,1,9,8068860,
15,540,1080,2,69,71,868,69,1598,0.003,5.528980088245589,3456,/home/amos/media/tv/Servant.S01.HDR.2160p.WEB.h265-NiXON/Servant.S01E09.HDR.2160p.WEB.h265-NiXON.mkv,1,9,8068860,
16,540,1080,0,48,89,908,48,35260,0.06,7.50508709292626,3480,/home/amos/media/tv/Servant.S01.HDR.2160p.WEB.h265-NiXON/Servant.S01E09.HDR.2160p.WEB.h265-NiXON.mkv,1,9,8068860,
17,540,1080,1,61,68,688,61,4389,0.008,8.659932098991703,3480,/home/amos/media/tv/Servant.S01.HDR.2160p.WEB.h265-NiXON/Servant.S01E09.HDR.2160p.WEB.h265-NiXON.mkv,1,9,8068860,
18,540,1080,2,68,70,799,68,1462,0.003,6.530765115225222,3480,/home/amos/media/tv/Servant.S01.HDR.2160p.WEB.h265-NiXON/Servant.S01E09.HDR.2160p.WEB.h265-NiXON.mkv,1,9,8068860,
19,540,1080,0,47,89,837,47,33180,0.057,7.95266208605608,3504,/home/amos/media/tv/Servant.S01.HDR.2160p.WEB.h265-NiXON/Servant.S01E09.HDR.2160p.WEB.h265-NiXON.mkv,1,9,8068860,
20,540,1080,1,58,64,625,58,3402,0.006,7.124263107893057,3504,/home/amos/media/tv/Servant.S01.HDR.2160p.WEB.h265-NiXON/Servant.S01E09.HDR.2160p.WEB.h265-NiXON.mkv,1,9,8068860,
21,540,1080,2,69,70,727,69,658,0.001,6.758639133477118,3504,/home/amos/media/tv/Servant.S01.HDR.2160p.WEB.h265-NiXON/Servant.S01E09.HDR.2160p.WEB.h265-NiXON.mkv,1,9,8068860,
22,540,1080,0,50,88,775,50,27550,0.047,7.470701072306838,3528,/home/amos/media/tv/Servant.S01.HDR.2160p.WEB.h265-NiXON/Servant.S01E09.HDR.2160p.WEB.h265-NiXON.mkv,1,9,8068860,
23,540,1080,1,58,64,559,58,3006,0.005,6.020669117046055,3528,/home/amos/media/tv/Servant.S01.HDR.2160p.WEB.h265-NiXON/Servant.S01E09.HDR.2160p.WEB.h265-NiXON.mkv,1,9,8068860,
24,540,1080,2,68,70,667,68,1198,0.002,6.466199082264211,3528,/home/amos/media/tv/Servant.S01.HDR.2160p.WEB.h265-NiXON/Servant.S01E09.HDR.2160p.WEB.h265-NiXON.mkv,1,9,8068860,
25,540,1080,0,47,86,706,47,25701,0.044,5.905678096867632,3552,/home/amos/media/tv/Servant.S01.HDR.2160p.WEB.h265-NiXON/Servant.S01E09.HDR.2160p.WEB.h265-NiXON.mkv,1,9,8068860,
26,540,1080,1,59,70,487,59,4708,0.008,8.633353017212357,3552,/home/amos/media/tv/Servant.S01.HDR.2160p.WEB.h265-NiXON/Servant.S01E09.HDR.2160p.WEB.h265-NiXON.mkv,1,9,8068860,
27,540,1080,2,69,69,602,69,0,0.0,7.162680041685235,3552,/home/amos/media/tv/Servant.S01.HDR.2160p.WEB.h265-NiXON/Servant.S01E09.HDR.2160p.WEB.h265-NiXON.mkv,1,9,8068860,
28,540,1080,0,40,87,630,40,27730,0.048,3.6652409700327553,3576,/home/amos/media/tv/Servant.S01.HDR.2160p.WEB.h265-NiXON/Servant.S01E09.HDR.2160p.WEB.h265-NiXON.mkv,1,9,8068860,
29,540,1080,1,61,68,414,61,2471,0.004,8.095274155668449,3576,/home/amos/media/tv/Servant.S01.HDR.2160p.WEB.h265-NiXON/Servant.S01E09.HDR.2160p.WEB.h265-NiXON.mkv,1,9,8068860,
30,540,1080,2,69,68,529,69,460,0.001,5.269206105906051,3576,/home/amos/media/tv/Servant.S01.HDR.2160p.WEB.h265-NiXON/Servant.S01E09.HDR.2160p.WEB.h265-NiXON.mkv,1,9,8068860,
31,540,1080,0,60,69,347,60,2583,0.004,10.006757125607692,3600,/home/amos/media/tv/Servant.S01.HDR.2160p.WEB.h265-NiXON/Servant.S01E09.HDR.2160p.WEB.h265-NiXON.mkv,1,9,8068860,
32,540,1080,1,50,81,560,50,15810,0.027,7.257743149937596,3600,/home/amos/media/tv/Servant.S01.HDR.2160p.WEB.h265-NiXON/Servant.S01E09.HDR.2160p.WEB.h265-NiXON.mkv,1,9,8068860,
33,540,1080,2,70,66,456,70,1544,0.003,6.320318062265869,3600,/home/amos/media/tv/Servant.S01.HDR.2160p.WEB.h265-NiXON/Servant.S01E09.HDR.2160p.WEB.h265-NiXON.mkv,1,9,8068860,
34,540,1080,0,59,68,275,59,1944,0.003,9.27774107491132,3624,/home/amos/media/tv/Servant.S01.HDR.2160p.WEB.h265-NiXON/Servant.S01E09.HDR.2160p.WEB.h265-NiXON.mkv,1,9,8068860,
35,540,1080,1,70,66,382,70,1248,0.002,4.977006031025667,3624,/home/amos/media/tv/Servant.S01.HDR.2160p.WEB.h265-NiXON/Servant.S01E09.HDR.2160p.WEB.h265-NiXON.mkv,1,9,8068860,
36,540,1080,0,49,87,423,49,14212,0.024,7.783598044363316,3648,/home/amos/media/tv/Servant.S01.HDR.2160p.WEB.h265-NiXON/Servant.S01E09.HDR.2160p.WEB.h265-NiXON.mkv,1,9,8068860,
37,540,1080,1,56,69,228,56,2236,0.004,4.137928036856465,3648,/home/amos/media/tv/Servant.S01.HDR.2160p.WEB.h265-NiXON/Servant.S01E09.HDR.2160p.WEB.h265-NiXON.mkv,1,9,8068860,
38,540,1080,2,67,67,317,67,0,0.0,4.821281148993876,3648,/home/amos/media/tv/Servant.S01.HDR.2160p.WEB.h265-NiXON/Servant.S01E09.HDR.2160p.WEB.h265-NiXON.mkv,1,9,8068860,
39,540,1080,0,59,68,145,59,774,0.001,8.686319097527303,3672,/home/amos/media/tv/Servant.S01.HDR.2160p.WEB.h265-NiXON/Servant.S01E09.HDR.2160p.WEB.h265-NiXON.mkv,1,9,8068860,
40,540,1080,1,66,68,252,66,372,0.001,6.697357102239039,3672,/home/amos/media/tv/Servant.S01.HDR.2160p.WEB.h265-NiXON/Servant.S01E09.HDR.2160p.WEB.h265-NiXON.mkv,1,9,8068860,
41,540,1080,0,54,71,91,54,629,0.001,2.48190501931822,3696,/home/amos/media/tv/Servant.S01.HDR.2160p.WEB.h265-NiXON/Servant.S01E09.HDR.2160p.WEB.h265-NiXON.mkv,1,9,8068860,
42,540,1080,1,68,67,187,68,119,0.0,5.7343710462446325,3696,/home/amos/media/tv/Servant.S01.HDR.2160p.WEB.h265-NiXON/Servant.S01E09.HDR.2160p.WEB.h265-NiXON.mkv,1,9,8068860,
43,540,1080,0,47,79,238,47,6112,0.01,5.526304069382604,3720,/home/amos/media/tv/Servant.S01.HDR.2160p.WEB.h265-NiXON/Servant.S01E09.HDR.2160p.WEB.h265-NiXON.mkv,1,9,8068860,
44,540,1080,1,56,71,37,56,285,0.0,9.970401064376349,3720,/home/amos/media/tv/Servant.S01.HDR.2160p.WEB.h265-NiXON/Servant.S01E09.HDR.2160p.WEB.h265-NiXON.mkv,1,9,8068860,
45,540,1080,2,68,67,128,68,60,0.0,6.238910048210528,3720,/home/amos/media/tv/Servant.S01.HDR.2160p.WEB.h265-NiXON/Servant.S01E09.HDR.2160p.WEB.h265-NiXON.mkv,1,9,8068860,
46,540,1080,0,50,83,183,50,4389,0.008,6.2507551137241535,3744,/home/amos/media/tv/Servant.S01.HDR.2160p.WEB.h265-NiXON/Servant.S01E09.HDR.2160p.WEB.h265-NiXON.mkv,1,9,8068860,
47,540,1080,1,68,68,70,68,0,0.0,6.073298055853229,3744,/home/amos/media/tv/Servant.S01.HDR.2160p.WEB.h265-NiXON/Servant.S01E09.HDR.2160p.WEB.h265-NiXON.mkv,1,9,8068860,
48,540,1080,0,50,80,124,50,2220,0.004,8.5586560179363,3768,/home/amos/media/tv/Servant.S01.HDR.2160p.WEB.h265-NiXON/Servant.S01E09.HDR.2160p.WEB.h265-NiXON.mkv,1,9,8068860,
49,540,1080,1,66,69,15,66,153,0.0,5.827441083674785,3768,/home/amos/media/tv/Servant.S01.HDR.2160p.WEB.h265-NiXON/Servant.S01E09.HDR.2160p.WEB.h265-NiXON.mkv,1,9,8068860,
50,540,1080,0,49,77,71,49,616,0.001,5.878001085889991,3792,/home/amos/media/tv/Servant.S01.HDR.2160p.WEB.h265-NiXON/Servant.S01E09.HDR.2160p.WEB.h265-NiXON.mkv,1,9,8068860,
51,540,1080,0,47,83,17,47,1080,0.002,6.295498038816731,3816,/home/amos/media/tv/Servant.S01.HDR.2160p.WEB.h265-NiXON/Servant.S01E09.HDR.2160p.WEB.h265-NiXON.mkv,1,9,8068860,
52,540,1080,0,58,126,163,58,7140,0.012,2.0945041615050286,4632,/home/amos/media/tv/Servant.S01.HDR.2160p.WEB.h265-NiXON/Servant.S01E09.HDR.2160p.WEB.h265-NiXON.mkv,1,9,8068860,
53,540,1080,1,56,186,151,56,12350,0.021,5.37393905443605,4632,/home/amos/media/tv/Servant.S01.HDR.2160p.WEB.h265-NiXON/Servant.S01E09.HDR.2160p.WEB.h265-NiXON.mkv,1,9,8068860,
54,540,1080,0,108,406,777,108,199362,0.342,5.034597039106302,5664,/home/amos/media/tv/Servant.S01.HDR.2160p.WEB.h265-NiXON/Servant.S01E09.HDR.2160p.WEB.h265-NiXON.mkv,1,9,8068860,
55,540,1080,0,114,406,678,114,164688,0.282,5.185052123095375,5688,/home/amos/media/tv/Servant.S01.HDR.2160p.WEB.h265-NiXON/Servant.S01E09.HDR.2160p.WEB.h265-NiXON.mkv,1,9,8068860,
56,540,1080,0,56,228,365,56,53148,0.091,2.9337569436756894,6144,/home/amos/media/tv/Servant.S01.HDR.2160p.WEB.h265-NiXON/Servant.S01E09.HDR.2160p.WEB.h265-NiXON.mkv,1,9,8068860,
57,540,1080,0,57,230,373,57,54668,0.094,3.459487033193,6192,/home/amos/media/tv/Servant.S01.HDR.2160p.WEB.h265-NiXON/Servant.S01E09.HDR.2160p.WEB.h265-NiXON.mkv,1,9,8068860,
58,540,1080,0,50,366,1023,50,307468,0.527,6.062728017859627,6576,/home/amos/media/tv/Servant.S01.HDR.2160p.WEB.h265-NiXON/Servant.S01E09.HDR.2160p.WEB.h265-NiXON.mkv,1,9,8068860,
59,540,1080,0,53,369,1022,53,306204,0.525,4.439768974028993,6600,/home/amos/media/tv/Servant.S01.HDR.2160p.WEB.h265-NiXON/Servant.S01E09.HDR.2160p.WEB.h265-NiXON.mkv,1,9,8068860,
60,540,1080,0,56,155,560,56,49896,0.086,4.554717098304536,6720,/home/amos/media/tv/Servant.S01.HDR.2160p.WEB.h265-NiXON/Servant.S01E09.HDR.2160p.WEB.h265-NiXON.mkv,1,9,8068860,
61,540,1080,0,69,149,594,69,42000,0.072,1.215502082312014,6744,/home/amos/media/tv/Servant.S01.HDR.2160p.WEB.h265-NiXON/Servant.S01E09.HDR.2160p.WEB.h265-NiXON.mkv,1,9,8068860,
62,540,1080,0,132,66,286,132,10164,0.017,7.936603055277374,7248,/home/amos/media/tv/Servant.S01.HDR.2160p.WEB.h265-NiXON/Servant.S01E09.HDR.2160p.WEB.h265-NiXON.mkv,1,9,8068860,
63,540,1080,0,136,73,312,136,11088,0.019,8.26406303991098,7272,/home/amos/media/tv/Servant.S01.HDR.2160p.WEB.h265-NiXON/Servant.S01E09.HDR.2160p.WEB.h265-NiXON.mkv,1,9,8068860,
64,540,1080,0,136,81,344,136,11440,0.02,9.122247096092906,7296,/home/amos/media/tv/Servant.S01.HDR.2160p.WEB.h265-NiXON/Servant.S01E09.HDR.2160p.WEB.h265-NiXON.mkv,1,9,8068860,
65,540,1080,0,132,76,305,132,9688,0.017,3.0650360648869537,7320,/home/amos/media/tv/Servant.S01.HDR.2160p.WEB.h265-NiXON/Servant.S01E09.HDR.2160p.WEB.h265-NiXON.mkv,1,9,8068860,
66,540,1080,0,155,73,292,155,11234,0.019,4.34667106665438,7344,/home/amos/media/tv/Servant.S01.HDR.2160p.WEB.h265-NiXON/Servant.S01E09.HDR.2160p.WEB.h265-NiXON.mkv,1,9,8068860,
67,540,1080,0,127,97,271,127,4320,0.007,6.370464064122643,7368,/home/amos/media/tv/Servant.S01.HDR.2160p.WEB.h265-NiXON/Servant.S01E09.HDR.2160p.WEB.h265-NiXON.mkv,1,9,8068860,
68,540,1080,0,66,82,354,66,4608,0.008,10.198970057012048,7392,/home/amos/media/tv/Servant.S01.HDR.2160p.WEB.h265-NiXON/Servant.S01E09.HDR.2160p.WEB.h265-NiXON.mkv,1,9,8068860,
69,540,1080,0,129,89,333,129,8160,0.014,5.769117061921861,7584,/home/amos/media/tv/Servant.S01.HDR.2160p.WEB.h265-NiXON/Servant.S01E09.HDR.2160p.WEB.h265-NiXON.mkv,1,9,8068860,
70,540,1080,0,135,77,297,135,9396,0.016,6.938558050373104,7608,/home/amos/media/tv/Servant.S01.HDR.2160p.WEB.h265-NiXON/Servant.S01E09.HDR.2160p.WEB.h265-NiXON.mkv,1,9,8068860,
71,540,1080,0,140,80,267,140,7620,0.013,6.784201160946395,7632,/home/amos/media/tv/Servant.S01.HDR.2160p.WEB.h265-NiXON/Servant.S01E09.HDR.2160p.WEB.h265-NiXON.mkv,1,9,8068860,
72,540,1080,0,137,91,241,137,4784,0.008,10.928644988161976,7656,/home/amos/media/tv/Servant.S01.HDR.2160p.WEB.h265-NiXON/Servant.S01E09.HDR.2160p.WEB.h265-NiXON.mkv,1,9,8068860,
73,540,1080,0,135,80,252,135,6435,0.011,11.374416973383632,7680,/home/amos/media/tv/Servant.S01.HDR.2160p.WEB.h265-NiXON/Servant.S01E09.HDR.2160p.WEB.h265-NiXON.mkv,1,9,8068860,
74,540,1080,0,121,76,263,121,6390,0.011,5.031698078499176,7704,/home/amos/media/tv/Servant.S01.HDR.2160p.WEB.h265-NiXON/Servant.S01E09.HDR.2160p.WEB.h265-NiXON.mkv,1,9,8068860,
75,540,1080,0,122,77,242,122,5400,0.009,6.3315701802494,7728,/home/amos/media/tv/Servant.S01.HDR.2160p.WEB.h265-NiXON/Servant.S01E09.HDR.2160p.WEB.h265-NiXON.mkv,1,9,8068860,
76,540,1080,0,153,52,260,153,10807,0.019,2.6606511342688464,7752,/home/amos/media/tv/Servant.S01.HDR.2160p.WEB.h265-NiXON/Servant.S01E09.HDR.2160p.WEB.h265-NiXON.mkv,1,9,8068860,
77,540,1080,0,64,96,449,64,12320,0.021,4.589997199305799,8568,/home/amos/media/tv/Servant.S01.HDR.2160p.WEB.h265-NiXON/Servant.S01E09.HDR.2160p.WEB.h265-NiXON.mkv,1,9,8068860,
78,540,1080,0,40,85,520,40,21600,0.037,1.489508029713761,9216,/home/amos/media/tv/Servant.S01.HDR.2160p.WEB.h265-NiXON/Servant.S01E09.HDR.2160p.WEB.h265-NiXON.mkv,1,9,8068860,
79,540,1080,0,46,22,511,46,11160,0.019,6.529037087399047,9240,/home/amos/media/tv/Servant.S01.HDR.2160p.WEB.h265-NiXON/Servant.S01E09.HDR.2160p.WEB.h265-NiXON.mkv,1,9,8068860,
80,540,1080,0,46,20,517,46,12246,0.021,6.710676101210993,9264,/home/amos/media/tv/Servant.S01.HDR.2160p.WEB.h265-NiXON/Servant.S01E09.HDR.2160p.WEB.h265-NiXON.mkv,1,9,8068860,
81,540,1080,0,46,20,520,46,12324,0.021,7.138790060009342,9288,/home/amos/media/tv/Servant.S01.HDR.2160p.WEB.h265-NiXON/Servant.S01E09.HDR.2160p.WEB.h265-NiXON.mkv,1,9,8068860,
82,540,1080,0,45,19,522,45,12402,0.021,7.471762035856955,9312,/home/amos/media/tv/Servant.S01.HDR.2160p.WEB.h265-NiXON/Servant.S01E09.HDR.2160p.WEB.h265-NiXON.mkv,1,9,8068860,
83,540,1080,0,47,20,525,47,12906,0.022,8.45666004595114,9336,/home/amos/media/tv/Servant.S01.HDR.2160p.WEB.h265-NiXON/Servant.S01E09.HDR.2160p.WEB.h265-NiXON.mkv,1,9,8068860,
84,540,1080,0,49,20,525,49,13804,0.024,7.893965992319863,9360,/home/amos/media/tv/Servant.S01.HDR.2160p.WEB.h265-NiXON/Servant.S01E09.HDR.2160p.WEB.h265-NiXON.mkv,1,9,8068860,
85,540,1080,0,47,33,531,47,6776,0.012,7.4898070627241395,9384,/home/amos/media/tv/Servant.S01.HDR.2160p.WEB.h265-NiXON/Servant.S01E09.HDR.2160p.WEB.h265-NiXON.mkv,1,9,8068860,
86,540,1080,0,46,21,529,46,12075,0.021,7.7223750561825,9408,/home/amos/media/tv/Servant.S01.HDR.2160p.WEB.h265-NiXON/Servant.S01E09.HDR.2160p.WEB.h265-NiXON.mkv,1,9,8068860,
87,540,1080,0,82,14,540,82,31144,0.053,10.739361097454092,9432,/home/amos/media/tv/Servant.S01.HDR.2160p.WEB.h265-NiXON/Servant.S01E09.HDR.2160p.WEB.h265-NiXON.mkv,1,9,8068860,
88,540,1080,0,84,9,542,84,34350,0.059,8.993633053672966,9456,/home/amos/media/tv/Servant.S01.HDR.2160p.WEB.h265-NiXON/Servant.S01E09.HDR.2160p.WEB.h265-NiXON.mkv,1,9,8068860,
89,540,1080,0,64,271,547,64,99981,0.171,7.75985412573209,9480,/home/amos/media/tv/Servant.S01.HDR.2160p.WEB.h265-NiXON/Servant.S01E09.HDR.2160p.WEB.h265-NiXON.mkv,1,9,8068860,
90,540,1080,0,114,104,438,114,3240,0.006,8.651445078838151,9768,/home/amos/media/tv/Servant.S01.HDR.2160p.WEB.h265-NiXON/Servant.S01E09.HDR.2160p.WEB.h265-NiXON.mkv,1,9,8068860,
91,540,1080,0,116,102,442,116,4564,0.008,9.002927154651843,9792,/home/amos/media/tv/Servant.S01.HDR.2160p.WEB.h265-NiXON/Servant.S01E09.HDR.2160p.WEB.h265-NiXON.mkv,1,9,8068860,
92,540,1080,0,116,113,454,116,1014,0.002,5.041016087052412,9816,/home/amos/media/tv/Servant.S01.HDR.2160p.WEB.h265-NiXON/Servant.S01E09.HDR.2160p.WEB.h265-NiXON.mkv,1,9,8068860,
93,540,1080,0,118,110,455,118,2696,0.005,6.062298136705067,9864,/home/amos/media/tv/Servant.S01.HDR.2160p.WEB.h265-NiXON/Servant.S01E09.HDR.2160p.WEB.h265-NiXON.mkv,1,9,8068860,
94,540,1080,0,114,114,454,114,0,0.0,7.054178044374567,9888,/home/amos/media/tv/Servant.S01.HDR.2160p.WEB.h265-NiXON/Servant.S01E09.HDR.2160p.WEB.h265-NiXON.mkv,1,9,8068860,
95,540,1080,0,51,9,525,51,19908,0.034,7.216431063308846,10008,/home/amos/media/tv/Servant.S01.HDR.2160p.WEB.h265-NiXON/Servant.S01E09.HDR.2160p.WEB.h265-NiXON.mkv,1,9,8068860,
96,540,1080,0,53,8,524,53,21195,0.036,6.614874028251506,10032,/home/amos/media/tv/Servant.S01.HDR.2160p.WEB.h265-NiXON/Servant.S01E09.HDR.2160p.WEB.h265-NiXON.mkv,1,9,8068860,
97,540,1080,0,48,6,528,48,20160,0.035,6.297459043737035,10056,/home/amos/media/tv/Servant.S01.HDR.2160p.WEB.h265-NiXON/Servant.S01E09.HDR.2160p.WEB.h265-NiXON.mkv,1,9,8068860,
98,540,1080,0,54,5,520,54,22834,0.039,7.259564929816406,10080,/home/amos/media/tv/Servant.S01.HDR.2160p.WEB.h265-NiXON/Servant.S01E09.HDR.2160p.WEB.h265-NiXON.mkv,1,9,8068860,
99,540,1080,0,47,287,539,47,118080,0.202,5.659833047713619,10320,/home/amos/media/tv/Servant.S01.HDR.2160p.WEB.h265-NiXON/Servant.S01E09.HDR.2160p.WEB.h265-NiXON.mkv,1,9,8068860,
100,540,1080,0,133,105,413,133,7840,0.013,7.097493040491827,10344,/home/amos/media/tv/Servant.S01.HDR.2160p.WEB.h265-NiXON/Servant.S01E09.HDR.2160p.WEB.h265-NiXON.mkv,1,9,8068860,
101,540,1080,1,55,283,528,55,107844,0.185,3.9993471190100536,10344,/home/amos/media/tv/Servant.S01.HDR.2160p.WEB.h265-NiXON/Servant.S01E09.HDR.2160p.WEB.h265-NiXON.mkv,1,9,8068860,
102,540,1080,0,132,106,416,132,7384,0.013,7.933974093699362,10368,/home/amos/media/tv/Servant.S01.HDR.2160p.WEB.h265-NiXON/Servant.S01E09.HDR.2160p.WEB.h265-NiXON.mkv,1,9,8068860,
103,540,1080,1,40,272,556,40,119712,0.205,5.786199132387992,10368,/home/amos/media/tv/Servant.S01.HDR.2160p.WEB.h265-NiXON/Servant.S01E09.HDR.2160p.WEB.h265-NiXON.mkv,1,9,8068860,
104,540,1080,0,137,99,417,137,10640,0.018,6.556000008189585,10392,/home/amos/media/tv/Servant.S01.HDR.2160p.WEB.h265-NiXON/Servant.S01E09.HDR.2160p.WEB.h265-NiXON.mkv,1,9,8068860,
105,540,1080,0,42,3,494,42,17628,0.03,4.197027084243018,10416,/home/amos/media/tv/Servant.S01.HDR.2160p.WEB.h265-NiXON/Servant.S01E09.HDR.2160p.WEB.h265-NiXON.mkv,1,9,8068860,
106,540,1080,0,53,18,530,53,16695,0.029,6.9877360262325965,10464,/home/amos/media/tv/Servant.S01.HDR.2160p.WEB.h265-NiXON/Servant.S01E09.HDR.2160p.WEB.h265-NiXON.mkv,1,9,8068860,
107,540,1080,0,71,44,369,71,8046,0.014,3.446107065945398,10656,/home/amos/media/tv/Servant.S01.HDR.2160p.WEB.h265-NiXON/Servant.S01E09.HDR.2160p.WEB.h265-NiXON.mkv,1,9,8068860,
108,540,1080,0,66,44,371,66,6710,0.012,2.739197085320484,10728,/home/amos/media/tv/Servant.S01.HDR.2160p.WEB.h265-NiXON/Servant.S01E09.HDR.2160p.WEB.h265-NiXON.mkv,1,9,8068860,
109,540,1080,0,78,27,355,78,14127,0.024,3.049268009548541,10872,/home/amos/media/tv/Servant.S01.HDR.2160p.WEB.h265-NiXON/Servant.S01E09.HDR.2160p.WEB.h265-NiXON.mkv,1,9,8068860,
110,540,1080,0,172,84,666,172,43472,0.075,1.6122091817087494,11352,/home/amos/media/tv/Servant.S01.HDR.2160p.WEB.h265-NiXON/Servant.S01E09.HDR.2160p.WEB.h265-NiXON.mkv,1,9,8068860,
111,540,1080,0,198,73,814,198,77000,0.132,2.7330680138547905,11448,/home/amos/media/tv/Servant.S01.HDR.2160p.WEB.h265-NiXON/Servant.S01E09.HDR.2160p.WEB.h265-NiXON.mkv,1,9,8068860,
112,540,1080,0,72,51,529,72,9597,0.016,3.612078016565647,12048,/home/amos/media/tv/Servant.S01.HDR.2160p.WEB.h265-NiXON/Servant.S01E09.HDR.2160p.WEB.h265-NiXON.mkv,1,9,8068860,
113,540,1080,0,90,45,535,90,20025,0.034,6.935554045194294,12072,/home/amos/media/tv/Servant.S01.HDR.2160p.WEB.h265-NiXON/Servant.S01E09.HDR.2160p.WEB.h265-NiXON.mkv,1,9,8068860,
114,540,1080,0,89,50,516,89,16653,0.029,2.9289241306250915,12096,/home/amos/media/tv/Servant.S01.HDR.2160p.WEB.h265-NiXON/Servant.S01E09.HDR.2160p.WEB.h265-NiXON.mkv,1,9,8068860,
115,540,1080,0,113,118,487,113,1870,0.003,6.432044043554924,12192,/home/amos/media/tv/Servant.S01.HDR.2160p.WEB.h265-NiXON/Servant.S01E09.HDR.2160p.WEB.h265-NiXON.mkv,1,9,8068860,
116,540,1080,1,59,251,679,59,119040,0.204,1.345171997032594,12192,/home/amos/media/tv/Servant.S01.HDR.2160p.WEB.h265-NiXON/Servant.S01E09.HDR.2160p.WEB.h265-NiXON.mkv,1,9,8068860,
117,540,1080,0,107,78,545,107,12702,0.022,8.993278006149922,12216,/home/amos/media/tv/Servant.S01.HDR.2160p.WEB.h265-NiXON/Servant.S01E09.HDR.2160p.WEB.h265-NiXON.mkv,1,9,8068860,
118,540,1080,0,82,89,541,82,3213,0.006,6.16476103005698,12240,/home/amos/media/tv/Servant.S01.HDR.2160p.WEB.h265-NiXON/Servant.S01E09.HDR.2160p.WEB.h265-NiXON.mkv,1,9,8068860,
119,540,1080,1,59,253,678,59,120086,0.206,1.9297219544532709,12240,/home/amos/media/tv/Servant.S01.HDR.2160p.WEB.h265-NiXON/Servant.S01E09.HDR.2160p.WEB.h265-NiXON.mkv,1,9,8068860,
120,540,1080,0,112,79,481,112,12177,0.021,9.849551067571156,12264,/home/amos/media/tv/Servant.S01.HDR.2160p.WEB.h265-NiXON/Servant.S01E09.HDR.2160p.WEB.h265-NiXON.mkv,1,9,8068860,
121,540,1080,1,59,254,678,59,120705,0.207,2.8619029886904173,12264,/home/amos/media/tv/Servant.S01.HDR.2160p.WEB.h265-NiXON/Servant.S01E09.HDR.2160p.WEB.h265-NiXON.mkv,1,9,8068860,
122,540,1080,0,115,76,476,115,14079,0.024,9.323035096167589,12288,/home/amos/media/tv/Servant.S01.HDR.2160p.WEB.h265-NiXON/Servant.S01E09.HDR.2160p.WEB.h265-NiXON.mkv,1,9,8068860,
123,540,1080,1,61,253,676,61,118080,0.202,2.1327129514538683,12288,/home/amos/media/tv/Servant.S01.HDR.2160p.WEB.h265-NiXON/Servant.S01E09.HDR.2160p.WEB.h265-NiXON.mkv,1,9,8068860,
124,540,1080,0,109,75,480,109,12614,0.022,10.495894032414071,12312,/home/amos/media/tv/Servant.S01.HDR.2160p.WEB.h265-NiXON/Servant.S01E09.HDR.2160p.WEB.h265-NiXON.mkv,1,9,8068860,
125,540,1080,0,237,57,549,237,56160,0.096,9.81441008177353,12336,/home/amos/media/tv/Servant.S01.HDR.2160p.WEB.h265-NiXON/Servant.S01E09.HDR.2160p.WEB.h265-NiXON.mkv,1,9,8068860,
126,540,1080,0,229,31,526,229,58806,0.101,9.85174011340132,12360,/home/amos/media/tv/Servant.S01.HDR.2160p.WEB.h265-NiXON/Servant.S01E09.HDR.2160p.WEB.h265-NiXON.mkv,1,9,8068860,
127,540,1080,0,224,23,523,224,60099,0.103,6.478692090546247,12384,/home/amos/media/tv/Servant.S01.HDR.2160p.WEB.h265-NiXON/Servant.S01E09.HDR.2160p.WEB.h265-NiXON.mkv,1,9,8068860,
128,540,1080,0,229,37,522,229,56256,0.096,5.345791088766418,12408,/home/amos/media/tv/Servant.S01.HDR.2160p.WEB.h265-NiXON/Servant.S01E09.HDR.2160p.WEB.h265-NiXON.mkv,1,9,8068860,
129,540,1080,0,129,56,386,129,18761,0.032,2.210159031616058,12504,/home/amos/media/tv/Servant.S01.HDR.2160p.WEB.h265-NiXON/Servant.S01E09.HDR.2160p.WEB.h265-NiXON.mkv,1,9,8068860,
130,540,1080,0,83,412,543,83,151340,0.259,6.9070131284534,15600,/home/amos/media/tv/Servant.S01.HDR.2160p.WEB.h265-NiXON/Servant.S01E09.HDR.2160p.WEB.h265-NiXON.mkv,1,9,8068860,
131,540,1080,0,71,11,843,71,46320,0.079,0.6538051177631132,16440,/home/amos/media/tv/Servant.S01.HDR.2160p.WEB.h265-NiXON/Servant.S01E09.HDR.2160p.WEB.h265-NiXON.mkv,1,9,8068860,
132,540,1080,0,43,124,444,43,32481,0.056,5.749602132360451,16656,/home/amos/media/tv/Servant.S01.HDR.2160p.WEB.h265-NiXON/Servant.S01E09.HDR.2160p.WEB.h265-NiXON.mkv,1,9,8068860,
133,540,1080,0,42,127,444,42,34170,0.059,5.935654112952761,16680,/home/amos/media/tv/Servant.S01.HDR.2160p.WEB.h265-NiXON/Servant.S01E09.HDR.2160p.WEB.h265-NiXON.mkv,1,9,8068860,
134,540,1080,0,42,128,443,42,34486,0.059,4.733222082664724,16704,/home/amos/media/tv/Servant.S01.HDR.2160p.WEB.h265-NiXON/Servant.S01E09.HDR.2160p.WEB.h265-NiXON.mkv,1,9,8068860,
135,540,1080,0,45,126,440,45,31995,0.055,5.753377122280654,16728,/home/amos/media/tv/Servant.S01.HDR.2160p.WEB.h265-NiXON/Servant.S01E09.HDR.2160p.WEB.h265-NiXON.mkv,1,9,8068860,
136,540,1080,0,51,120,447,51,27324,0.047,5.674206059367862,16752,/home/amos/media/tv/Servant.S01.HDR.2160p.WEB.h265-NiXON/Servant.S01E09.HDR.2160p.WEB.h265-NiXON.mkv,1,9,8068860,
137,540,1080,0,47,123,460,47,31388,0.054,3.830797065456864,16776,/home/amos/media/tv/Servant.S01.HDR.2160p.WEB.h265-NiXON/Servant.S01E09.HDR.2160p.WEB.h265-NiXON.mkv,1,9,8068860,
138,540,1080,0,87,23,278,87,12224,0.021,4.968945071042981,16800,/home/amos/media/tv/Servant.S01.HDR.2160p.WEB.h265-NiXON/Servant.S01E09.HDR.2160p.WEB.h265-NiXON.mkv,1,9,8068860,
139,540,1080,0,148,138,522,148,3740,0.006,7.487082976556849,18504,/home/amos/media/tv/Servant.S01.HDR.2160p.WEB.h265-NiXON/Servant.S01E09.HDR.2160p.WEB.h265-NiXON.mkv,1,9,8068860,
140,540,1080,0,148,139,523,148,3375,0.006,8.036989076936152,18528,/home/amos/media/tv/Servant.S01.HDR.2160p.WEB.h265-NiXON/Servant.S01E09.HDR.2160p.WEB.h265-NiXON.mkv,1,9,8068860,
141,540,1080,0,146,143,518,146,1116,0.002,7.697783038660418,18552,/home/amos/media/tv/Servant.S01.HDR.2160p.WEB.h265-NiXON/Servant.S01E09.HDR.2160p.WEB.h265-NiXON.mkv,1,9,8068860,
142,540,1080,0,137,146,526,137,3501,0.006,4.059206957870629,18600,/home/amos/media/tv/Servant.S01.HDR.2160p.WEB.h265-NiXON/Servant.S01E09.HDR.2160p.WEB.h265-NiXON.mkv,1,9,8068860,
143,540,1080,0,142,144,525,142,766,0.001,7.280938000709284,18624,/home/amos/media/tv/Servant.S01.HDR.2160p.WEB.h265-NiXON/Servant.S01E09.HDR.2160p.WEB.h265-NiXON.mkv,1,9,8068860,
144,540,1080,0,141,146,525,141,1920,0.003,7.0200940919457935,18648,/home/amos/media/tv/Servant.S01.HDR.2160p.WEB.h265-NiXON/Servant.S01E09.HDR.2160p.WEB.h265-NiXON.mkv,1,9,8068860,
145,540,1080,0,63,113,752,63,34450,0.059,5.957702067389619,19536,/home/amos/media/tv/Servant.S01.HDR.2160p.WEB.h265-NiXON/Servant.S01E09.HDR.2160p.WEB.h265-NiXON.mkv,1,9,8068860,
146,540,1080,0,60,107,746,60,32242,0.055,5.237001178029459,19560,/home/amos/media/tv/Servant.S01.HDR.2160p.WEB.h265-NiXON/Servant.S01E09.HDR.2160p.WEB.h265-NiXON.mkv,1,9,8068860,
147,540,1080,1,84,279,642,84,108810,0.187,3.50701809063321,19560,/home/amos/media/tv/Servant.S01.HDR.2160p.WEB.h265-NiXON/Servant.S01E09.HDR.2160p.WEB.h265-NiXON.mkv,1,9,8068860,
148,540,1080,0,66,107,744,66,27798,0.048,6.864047101174947,19584,/home/amos/media/tv/Servant.S01.HDR.2160p.WEB.h265-NiXON/Servant.S01E09.HDR.2160p.WEB.h265-NiXON.mkv,1,9,8068860,
149,540,1080,0,76,110,657,76,19754,0.034,7.698797053599264,19680,/home/amos/media/tv/Servant.S01.HDR.2160p.WEB.h265-NiXON/Servant.S01E09.HDR.2160p.WEB.h265-NiXON.mkv,1,9,8068860,
150,540,1080,0,80,3,937,80,65989,0.113,4.081631117442157,19704,/home/amos/media/tv/Servant.S01.HDR.2160p.WEB.h265-NiXON/Servant.S01E09.HDR.2160p.WEB.h265-NiXON.mkv,1,9,8068860,
151,540,1080,0,66,31,973,66,31745,0.054,7.505497074394952,20040,/home/amos/media/tv/Servant.S01.HDR.2160p.WEB.h265-NiXON/Servant.S01E09.HDR.2160p.WEB.h265-NiXON.mkv,1,9,8068860,
152,540,1080,0,143,108,480,143,11795,0.02,6.81321495474549,20424,/home/amos/media/tv/Servant.S01.HDR.2160p.WEB.h265-NiXON/Servant.S01E09.HDR.2160p.WEB.h265-NiXON.mkv,1,9,8068860,
153,540,1080,0,54,80,446,54,10192,0.017,1.9790110673638992,20592,/home/amos/media/tv/Servant.S01.HDR.2160p.WEB.h265-NiXON/Servant.S01E09.HDR.2160p.WEB.h265-NiXON.mkv,1,9,8068860,
154,540,1080,0,97,99,559,97,924,0.002,2.040231111284811,22344,/home/amos/media/tv/Servant.S01.HDR.2160p.WEB.h265-NiXON/Servant.S01E09.HDR.2160p.WEB.h265-NiXON.mkv,1,9,8068860,
155,540,1080,0,52,227,5,52,8225,0.014,6.088342057715636,22848,/home/amos/media/tv/Servant.S01.HDR.2160p.WEB.h265-NiXON/Servant.S01E09.HDR.2160p.WEB.h265-NiXON.mkv,1,9,8068860,
156,540,1080,0,77,216,345,77,37252,0.064,6.362577139749192,22872,/home/amos/media/tv/Servant.S01.HDR.2160p.WEB.h265-NiXON/Servant.S01E09.HDR.2160p.WEB.h265-NiXON.mkv,1,9,8068860,
157,540,1080,0,69,143,181,69,8288,0.014,4.331448036886286,22896,/home/amos/media/tv/Servant.S01.HDR.2160p.WEB.h265-NiXON/Servant.S01E09.HDR.2160p.WEB.h265-NiXON.mkv,1,9,8068860,
158,540,1080,0,110,88,275,110,3630,0.006,4.45174104225589,22920,/home/amos/media/tv/Servant.S01.HDR.2160p.WEB.h265-NiXON/Servant.S01E09.HDR.2160p.WEB.h265-NiXON.mkv,1,9,8068860,
159,540,1080,0,114,79,413,114,10465,0.018,5.135681949206628,22968,/home/amos/media/tv/Servant.S01.HDR.2160p.WEB.h265-NiXON/Servant.S01E09.HDR.2160p.WEB.h265-NiXON.mkv,1,9,8068860,
160,540,1080,0,113,60,397,113,15052,0.026,5.805643001745921,22992,/home/amos/media/tv/Servant.S01.HDR.2160p.WEB.h265-NiXON/Servant.S01E09.HDR.2160p.WEB.h265-NiXON.mkv,1,9,8068860,
161,540,1080,0,118,82,386,118,9648,0.017,3.8471349614555934,23016,/home/amos/media/tv/Servant.S01.HDR.2160p.WEB.h265-NiXON/Servant.S01E09.HDR.2160p.WEB.h265-NiXON.mkv,1,9,8068860,
162,540,1080,0,114,82,394,114,8960,0.015,5.366129977745004,23040,/home/amos/media/tv/Servant.S01.HDR.2160p.WEB.h265-NiXON/Servant.S01E09.HDR.2160p.WEB.h265-NiXON.mkv,1,9,8068860,
163,540,1080,0,116,80,397,116,10116,0.017,5.040873977937736,23064,/home/amos/media/tv/Servant.S01.HDR.2160p.WEB.h265-NiXON/Servant.S01E09.HDR.2160p.WEB.h265-NiXON.mkv,1,9,8068860,
164,540,1080,0,115,83,395,115,8960,0.015,4.021894005069044,23088,/home/amos/media/tv/Servant.S01.HDR.2160p.WEB.h265-NiXON/Servant.S01E09.HDR.2160p.WEB.h265-NiXON.mkv,1,9,8068860,
165,540,1080,0,114,85,398,114,8236,0.014,4.211851992818993,23112,/home/amos/media/tv/Servant.S01.HDR.2160p.WEB.h265-NiXON/Servant.S01E09.HDR.2160p.WEB.h265-NiXON.mkv,1,9,8068860,
166,540,1080,0,116,82,391,116,9350,0.016,5.22077801724663,23136,/home/amos/media/tv/Servant.S01.HDR.2160p.WEB.h265-NiXON/Servant.S01E09.HDR.2160p.WEB.h265-NiXON.mkv,1,9,8068860,
167,540,1080,0,115,89,380,115,6890,0.012,4.320574952696916,23160,/home/amos/media/tv/Servant.S01.HDR.2160p.WEB.h265-NiXON/Servant.S01E09.HDR.2160p.WEB.h265-NiXON.mkv,1,9,8068860,
168,540,1080,0,116,86,385,116,8070,0.014,5.157553017546888,23184,/home/amos/media/tv/Servant.S01.HDR.2160p.WEB.h265-NiXON/Servant.S01E09.HDR.2160p.WEB.h265-NiXON.mkv,1,9,8068860,
169,540,1080,0,119,83,383,119,9504,0.016,3.7475739591172896,23208,/home/amos/media/tv/Servant.S01.HDR.2160p.WEB.h265-NiXON/Servant.S01E09.HDR.2160p.WEB.h265-NiXON.mkv,1,9,8068860,
170,540,1080,0,123,79,378,123,11220,0.019,2.8171329800388776,23232,/home/amos/media/tv/Servant.S01.HDR.2160p.WEB.h265-NiXON/Servant.S01E09.HDR.2160p.WEB.h265-NiXON.mkv,1,9,8068860,
171,540,1080,0,120,86,384,120,8976,0.015,3.100744987546932,23256,/home/amos/media/tv/Servant.S01.HDR.2160p.WEB.h265-NiXON/Servant.S01E09.HDR.2160p.WEB.h265-NiXON.mkv,1,9,8068860,
172,540,1080,0,121,65,384,121,14728,0.025,5.77393501176266,23280,/home/amos/media/tv/Servant.S01.HDR.2160p.WEB.h265-NiXON/Servant.S01E09.HDR.2160p.WEB.h265-NiXON.mkv,1,9,8068860,
173,540,1080,0,113,67,385,113,12512,0.021,3.226346025650855,23304,/home/amos/media/tv/Servant.S01.HDR.2160p.WEB.h265-NiXON/Servant.S01E09.HDR.2160p.WEB.h265-NiXON.mkv,1,9,8068860,
174,540,1080,0,118,63,384,118,14630,0.025,4.295919024327304,23328,/home/amos/media/tv/Servant.S01.HDR.2160p.WEB.h265-NiXON/Servant.S01E09.HDR.2160p.WEB.h265-NiXON.mkv,1,9,8068860,
175,540,1080,0,111,65,391,111,12880,0.022,3.9651750297634862,23352,/home/amos/media/tv/Servant.S01.HDR.2160p.WEB.h265-NiXON/Servant.S01E09.HDR.2160p.WEB.h265-NiXON.mkv,1,9,8068860,
176,540,1080,0,114,64,391,114,13850,0.024,3.327640055620577,23376,/home/amos/media/tv/Servant.S01.HDR.2160p.WEB.h265-NiXON/Servant.S01E09.HDR.2160p.WEB.h265-NiXON.mkv,1,9,8068860,
177,540,1080,0,110,66,392,110,12408,0.021,3.971112941566389,23400,/home/amos/media/tv/Servant.S01.HDR.2160p.WEB.h265-NiXON/Servant.S01E09.HDR.2160p.WEB.h265-NiXON.mkv,1,9,8068860,
178,540,1080,0,116,62,391,116,14850,0.025,4.055298036837485,23424,/home/amos/media/tv/Servant.S01.HDR.2160p.WEB.h265-NiXON/Servant.S01E09.HDR.2160p.WEB.h265-NiXON.mkv,1,9,8068860,
179,540,1080,0,106,66,398,106,11680,0.02,4.017710038402584,23448,/home/amos/media/tv/Servant.S01.HDR.2160p.WEB.h265-NiXON/Servant.S01E09.HDR.2160p.WEB.h265-NiXON.mkv,1,9,8068860,
180,540,1080,0,105,68,395,105,10730,0.018,2.4400959547492675,23472,/home/amos/media/tv/Servant.S01.HDR.2160p.WEB.h265-NiXON/Servant.S01E09.HDR.2160p.WEB.h265-NiXON.mkv,1,9,8068860,
181,540,1080,0,110,67,404,110,12642,0.022,5.364338031911757,23520,/home/amos/media/tv/Servant.S01.HDR.2160p.WEB.h265-NiXON/Servant.S01E09.HDR.2160p.WEB.h265-NiXON.mkv,1,9,8068860,
182,540,1080,0,106,70,404,106,10728,0.018,5.321196974196937,23544,/home/amos/media/tv/Servant.S01.HDR.2160p.WEB.h265-NiXON/Servant.S01E09.HDR.2160p.WEB.h265-NiXON.mkv,1,9,8068860,
183,540,1080,0,88,55,241,88,5049,0.009,9.08147401822498,23760,/home/amos/media/tv/Servant.S01.HDR.2160p.WEB.h265-NiXON/Servant.S01E09.HDR.2160p.WEB.h265-NiXON.mkv,1,9,8068860,
184,540,1080,0,88,63,266,88,4450,0.008,10.47567106212955,23784,/home/amos/media/tv/Servant.S01.HDR.2160p.WEB.h265-NiXON/Servant.S01E09.HDR.2160p.WEB.h265-NiXON.mkv,1,9,8068860,
185,540,1080,0,87,62,259,87,4300,0.007,9.717783040716313,23808,/home/amos/media/tv/Servant.S01.HDR.2160p.WEB.h265-NiXON/Servant.S01E09.HDR.2160p.WEB.h265-NiXON.mkv,1,9,8068860,
186,540,1080,0,88,63,260,88,4300,0.007,8.72359098069137,23832,/home/amos/media/tv/Servant.S01.HDR.2160p.WEB.h265-NiXON/Servant.S01E09.HDR.2160p.WEB.h265-NiXON.mkv,1,9,8068860,
187,540,1080,0,85,67,261,85,3168,0.005,8.783754025003873,23856,/home/amos/media/tv/Servant.S01.HDR.2160p.WEB.h265-NiXON/Servant.S01E09.HDR.2160p.WEB.h265-NiXON.mkv,1,9,8068860,
188,540,1080,1,41,217,477,41,76736,0.132,6.234648079087492,23856,/home/amos/media/tv/Servant.S01.HDR.2160p.WEB.h265-NiXON/Servant.S01E09.HDR.2160p.WEB.h265-NiXON.mkv,1,9,8068860,
189,540,1080,0,82,71,266,82,2024,0.003,7.0204900110838935,23880,/home/amos/media/tv/Servant.S01.HDR.2160p.WEB.h265-NiXON/Servant.S01E09.HDR.2160p.WEB.h265-NiXON.mkv,1,9,8068860,
190,540,1080,1,41,207,511,41,78020,0.134,5.410744172928389,23880,/home/amos/media/tv/Servant.S01.HDR.2160p.WEB.h265-NiXON/Servant.S01E09.HDR.2160p.WEB.h265-NiXON.mkv,1,9,8068860,
191,540,1080,0,81,67,264,81,2562,0.004,6.517525979259517,23904,/home/amos/media/tv/Servant.S01.HDR.2160p.WEB.h265-NiXON/Servant.S01E09.HDR.2160p.WEB.h265-NiXON.mkv,1,9,8068860,
192,540,1080,0,80,67,267,80,2431,0.004,6.3157680329168215,23928,/home/amos/media/tv/Servant.S01.HDR.2160p.WEB.h265-NiXON/Servant.S01E09.HDR.2160p.WEB.h265-NiXON.mkv,1,9,8068860,
193,540,1080,1,45,197,513,45,71136,0.122,6.065474131319206,23928,/home/amos/media/tv/Servant.S01.HDR.2160p.WEB.h265-NiXON/Servant.S01E09.HDR.2160p.WEB.h265-NiXON.mkv,1,9,8068860,
194,540,1080,0,83,68,263,83,2700,0.005,6.645210976130329,23952,/home/amos/media/tv/Servant.S01.HDR.2160p.WEB.h265-NiXON/Servant.S01E09.HDR.2160p.WEB.h265-NiXON.mkv,1,9,8068860,
195,540,1080,1,47,196,526,47,71371,0.122,5.863613006193191,23952,/home/amos/media/tv/Servant.S01.HDR.2160p.WEB.h265-NiXON/Servant.S01E09.HDR.2160p.WEB.h265-NiXON.mkv,1,9,8068860,
196,540,1080,2,51,179,18,51,4224,0.007,7.673430149850901,23952,/home/amos/media/tv/Servant.S01.HDR.2160p.WEB.h265-NiXON/Servant.S01E09.HDR.2160p.WEB.h265-NiXON.mkv,1,9,8068860,
197,540,1080,0,81,69,262,81,2172,0.004,6.0385649799136445,23976,/home/amos/media/tv/Servant.S01.HDR.2160p.WEB.h265-NiXON/Servant.S01E09.HDR.2160p.WEB.h265-NiXON.mkv,1,9,8068860,
198,540,1080,1,48,203,501,48,70215,0.12,6.5328771910863,23976,/home/amos/media/tv/Servant.S01.HDR.2160p.WEB.h265-NiXON/Servant.S01E09.HDR.2160p.WEB.h265-NiXON.mkv,1,9,8068860,
199,540,1080,0,82,68,262,82,2520,0.004,6.401867088279687,24000,/home/amos/media/tv/Servant.S01.HDR.2160p.WEB.h265-NiXON/Servant.S01E09.HDR.2160p.WEB.h265-NiXON.mkv,1,9,8068860,
200,540,1080,1,38,212,496,38,79692,0.137,7.046044109330978,24000,/home/amos/media/tv/Servant.S01.HDR.2160p.WEB.h265-NiXON/Servant.S01E09.HDR.2160p.WEB.h265-NiXON.mkv,1,9,8068860,
201,540,1080,0,81,69,263,81,2184,0.004,7.319733101758175,24024,/home/amos/media/tv/Servant.S01.HDR.2160p.WEB.h265-NiXON/Servant.S01E09.HDR.2160p.WEB.h265-NiXON.mkv,1,9,8068860,
202,540,1080,0,82,69,266,82,2392,0.004,6.921013064566068,24048,/home/amos/media/tv/Servant.S01.HDR.2160p.WEB.h265-NiXON/Servant.S01E09.HDR.2160p.WEB.h265-NiXON.mkv,1,9,8068860,
203,540,1080,1,37,212,494,37,79975,0.137,8.670138018147554,24048,/home/amos/media/tv/Servant.S01.HDR.2160p.WEB.h265-NiXON/Servant.S01E09.HDR.2160p.WEB.h265-NiXON.mkv,1,9,8068860,
204,540,1080,0,82,69,262,82,2340,0.004,6.58544115384575,24072,/home/amos/media/tv/Servant.S01.HDR.2160p.WEB.h265-NiXON/Servant.S01E09.HDR.2160p.WEB.h265-NiXON.mkv,1,9,8068860,
205,540,1080,1,42,215,495,42,78369,0.134,10.50665504479548,24072,/home/amos/media/tv/Servant.S01.HDR.2160p.WEB.h265-NiXON/Servant.S01E09.HDR.2160p.WEB.h265-NiXON.mkv,1,9,8068860,
206,540,1080,0,81,68,264,81,2379,0.004,8.48909205419477,24096,/home/amos/media/tv/Servant.S01.HDR.2160p.WEB.h265-NiXON/Servant.S01E09.HDR.2160p.WEB.h265-NiXON.mkv,1,9,8068860,
207,540,1080,1,40,213,496,40,78888,0.135,9.15596611838555,24096,/home/amos/media/tv/Servant.S01.HDR.2160p.WEB.h265-NiXON/Servant.S01E09.HDR.2160p.WEB.h265-NiXON.mkv,1,9,8068860,
208,540,1080,0,81,68,263,81,2366,0.004,8.067615037900396,24120,/home/amos/media/tv/Servant.S01.HDR.2160p.WEB.h265-NiXON/Servant.S01E09.HDR.2160p.WEB.h265-NiXON.mkv,1,9,8068860,
209,540,1080,1,38,213,492,38,79450,0.136,6.417226023273543,24120,/home/amos/media/tv/Servant.S01.HDR.2160p.WEB.h265-NiXON/Servant.S01E09.HDR.2160p.WEB.h265-NiXON.mkv,1,9,8068860,
210,540,1080,0,81,68,258,81,2301,0.004,7.859160146093927,24144,/home/amos/media/tv/Servant.S01.HDR.2160p.WEB.h265-NiXON/Servant.S01E09.HDR.2160p.WEB.h265-NiXON.mkv,1,9,8068860,
211,540,1080,1,42,215,502,42,79580,0.136,5.974028032680508,24144,/home/amos/media/tv/Servant.S01.HDR.2160p.WEB.h265-NiXON/Servant.S01E09.HDR.2160p.WEB.h265-NiXON.mkv,1,9,8068860,
212,540,1080,0,81,68,260,81,2327,0.004,7.351726063468959,24168,/home/amos/media/tv/Servant.S01.HDR.2160p.WEB.h265-NiXON/Servant.S01E09.HDR.2160p.WEB.h265-NiXON.mkv,1,9,8068860,
213,540,1080,0,81,68,260,81,2327,0.004,7.160294062865432,24192,/home/amos/media/tv/Servant.S01.HDR.2160p.WEB.h265-NiXON/Servant.S01E09.HDR.2160p.WEB.h265-NiXON.mkv,1,9,8068860,
214,540,1080,0,82,68,260,82,2492,0.004,7.827435969782527,24216,/home/amos/media/tv/Servant.S01.HDR.2160p.WEB.h265-NiXON/Servant.S01E09.HDR.2160p.WEB.h265-NiXON.mkv,1,9,8068860,
215,540,1080,1,45,206,497,45,72772,0.125,5.263584133412223,24216,/home/amos/media/tv/Servant.S01.HDR.2160p.WEB.h265-NiXON/Servant.S01E09.HDR.2160p.WEB.h265-NiXON.mkv,1,9,8068860,
216,540,1080,0,82,71,259,82,1947,0.003,8.071742014901247,24240,/home/amos/media/tv/Servant.S01.HDR.2160p.WEB.h265-NiXON/Servant.S01E09.HDR.2160p.WEB.h265-NiXON.mkv,1,9,8068860,
217,540,1080,1,46,209,505,46,74817,0.128,6.657983133045491,24240,/home/amos/media/tv/Servant.S01.HDR.2160p.WEB.h265-NiXON/Servant.S01E09.HDR.2160p.WEB.h265-NiXON.mkv,1,9,8068860,
218,540,1080,0,82,70,264,82,2184,0.004,6.792519056645688,24264,/home/amos/media/tv/Servant.S01.HDR.2160p.WEB.h265-NiXON/Servant.S01E09.HDR.2160p.WEB.h265-NiXON.mkv,1,9,8068860,
219,540,1080,1,46,206,505,46,73440,0.126,5.659591050061863,24264,/home/amos/media/tv/Servant.S01.HDR.2160p.WEB.h265-NiXON/Servant.S01E09.HDR.2160p.WEB.h265-NiXON.mkv,1,9,8068860,
220,540,1080,0,80,72,262,80,1456,0.002,6.887060070759617,24288,/home/amos/media/tv/Servant.S01.HDR.2160p.WEB.h265-NiXON/Servant.S01E09.HDR.2160p.WEB.h265-NiXON.mkv,1,9,8068860,
221,540,1080,1,49,206,504,49,71435,0.122,5.213439131272025,24288,/home/amos/media/tv/Servant.S01.HDR.2160p.WEB.h265-NiXON/Servant.S01E09.HDR.2160p.WEB.h265-NiXON.mkv,1,9,8068860,
222,540,1080,0,82,70,261,82,2148,0.004,6.785092077800073,24312,/home/amos/media/tv/Servant.S01.HDR.2160p.WEB.h265-NiXON/Servant.S01E09.HDR.2160p.WEB.h265-NiXON.mkv,1,9,8068860,
223,540,1080,0,83,66,266,83,3111,0.005,7.790633962431457,24336,/home/amos/media/tv/Servant.S01.HDR.2160p.WEB.h265-NiXON/Servant.S01E09.HDR.2160p.WEB.h265-NiXON.mkv,1,9,8068860,
224,540,1080,0,86,64,270,86,4048,0.007,8.166853075788822,24360,/home/amos/media/tv/Servant.S01.HDR.2160p.WEB.h265-NiXON/Servant.S01E09.HDR.2160p.WEB.h265-NiXON.mkv,1,9,8068860,
225,540,1080,1,44,199,506,44,71610,0.123,10.53104811225785,24360,/home/amos/media/tv/Servant.S01.HDR.2160p.WEB.h265-NiXON/Servant.S01E09.HDR.2160p.WEB.h265-NiXON.mkv,1,9,8068860,
226,540,1080,0,84,66,274,84,3420,0.006,6.672295084572397,24384,/home/amos/media/tv/Servant.S01.HDR.2160p.WEB.h265-NiXON/Servant.S01E09.HDR.2160p.WEB.h265-NiXON.mkv,1,9,8068860,
227,540,1080,1,51,206,512,51,71455,0.123,4.411392049805727,24384,/home/amos/media/tv/Servant.S01.HDR.2160p.WEB.h265-NiXON/Servant.S01E09.HDR.2160p.WEB.h265-NiXON.mkv,1,9,8068860,
228,540,1080,0,86,65,269,86,3843,0.007,7.95184204808902,24408,/home/amos/media/tv/Servant.S01.HDR.2160p.WEB.h265-NiXON/Servant.S01E09.HDR.2160p.WEB.h265-NiXON.mkv,1,9,8068860,
229,540,1080,0,85,68,268,85,3111,0.005,7.548084019101225,24432,/home/amos/media/tv/Servant.S01.HDR.2160p.WEB.h265-NiXON/Servant.S01E09.HDR.2160p.WEB.h265-NiXON.mkv,1,9,8068860,
230,540,1080,0,86,63,263,86,4071,0.007,8.075607016333379,24456,/home/amos/media/tv/Servant.S01.HDR.2160p.WEB.h265-NiXON/Servant.S01E09.HDR.2160p.WEB.h265-NiXON.mkv,1,9,8068860,
231,540,1080,0,88,60,261,88,4844,0.008,7.951901051099412,24480,/home/amos/media/tv/Servant.S01.HDR.2160p.WEB.h265-NiXON/Servant.S01E09.HDR.2160p.WEB.h265-NiXON.mkv,1,9,8068860,
232,540,1080,1,44,196,526,44,73264,0.126,4.082812131557148,24480,/home/amos/media/tv/Servant.S01.HDR.2160p.WEB.h265-NiXON/Servant.S01E09.HDR.2160p.WEB.h265-NiXON.mkv,1,9,8068860,
233,540,1080,0,87,65,259,87,3784,0.006,7.439518990402576,24504,/home/amos/media/tv/Servant.S01.HDR.2160p.WEB.h265-NiXON/Servant.S01E09.HDR.2160p.WEB.h265-NiXON.mkv,1,9,8068860,
234,540,1080,0,90,64,264,90,4524,0.008,6.421760096098296,24528,/home/amos/media/tv/Servant.S01.HDR.2160p.WEB.h265-NiXON/Servant.S01E09.HDR.2160p.WEB.h265-NiXON.mkv,1,9,8068860,
235,540,1080,0,88,68,275,88,3740,0.006,4.0796060873544775,24552,/home/amos/media/tv/Servant.S01.HDR.2160p.WEB.h265-NiXON/Servant.S01E09.HDR.2160p.WEB.h265-NiXON.mkv,1,9,8068860,
236,540,1080,1,33,205,518,33,83420,0.143,7.376472040021326,24552,/home/amos/media/tv/Servant.S01.HDR.2160p.WEB.h265-NiXON/Servant.S01E09.HDR.2160p.WEB.h265-NiXON.mkv,1,9,8068860,
237,540,1080,0,92,59,271,92,5907,0.01,4.949362038285472,24576,/home/amos/media/tv/Servant.S01.HDR.2160p.WEB.h265-NiXON/Servant.S01E09.HDR.2160p.WEB.h265-NiXON.mkv,1,9,8068860,
238,540,1080,1,41,202,523,41,77602,0.133,7.783623083669227,24576,/home/amos/media/tv/Servant.S01.HDR.2160p.WEB.h265-NiXON/Servant.S01E09.HDR.2160p.WEB.h265-NiXON.mkv,1,9,8068860,
239,540,1080,0,89,58,270,89,5611,0.01,6.782147115445696,24600,/home/amos/media/tv/Servant.S01.HDR.2160p.WEB.h265-NiXON/Servant.S01E09.HDR.2160p.WEB.h265-NiXON.mkv,1,9,8068860,
240,540,1080,1,42,204,522,42,77760,0.133,5.485811952792574,24600,/home/amos/media/tv/Servant.S01.HDR.2160p.WEB.h265-NiXON/Servant.S01E09.HDR.2160p.WEB.h265-NiXON.mkv,1,9,8068860,
241,540,1080,0,42,205,523,42,78403,0.134,6.75673199101584,24624,/home/amos/media/tv/Servant.S01.HDR.2160p.WEB.h265-NiXON/Servant.S01E09.HDR.2160p.WEB.h265-NiXON.mkv,1,9,8068860,
242,540,1080,1,90,61,266,90,5104,0.009,4.554275221307762,24624,/home/amos/media/tv/Servant.S01.HDR.2160p.WEB.h265-NiXON/Servant.S01E09.HDR.2160p.WEB.h265-NiXON.mkv,1,9,8068860,
243,540,1080,0,89,54,264,89,6125,0.011,4.352238202642184,24648,/home/amos/media/tv/Servant.S01.HDR.2160p.WEB.h265-NiXON/Servant.S01E09.HDR.2160p.WEB.h265-NiXON.mkv,1,9,8068860,
244,540,1080,1,41,204,525,41,78892,0.135,7.944843901263084,24648,/home/amos/media/tv/Servant.S01.HDR.2160p.WEB.h265-NiXON/Servant.S01E09.HDR.2160p.WEB.h265-NiXON.mkv,1,9,8068860,
245,540,1080,0,86,74,259,86,2076,0.004,6.486637997848447,24672,/home/amos/media/tv/Servant.S01.HDR.2160p.WEB.h265-NiXON/Servant.S01E09.HDR.2160p.WEB.h265-NiXON.mkv,1,9,8068860,
246,540,1080,1,40,206,526,40,80676,0.138,5.115058966272045,24672,/home/amos/media/tv/Servant.S01.HDR.2160p.WEB.h265-NiXON/Servant.S01E09.HDR.2160p.WEB.h265-NiXON.mkv,1,9,8068860,
247,540,1080,0,91,57,260,91,5746,0.01,5.520136118982919,24696,/home/amos/media/tv/Servant.S01.HDR.2160p.WEB.h265-NiXON/Servant.S01E09.HDR.2160p.WEB.h265-NiXON.mkv,1,9,8068860,
248,540,1080,0,88,66,272,88,4048,0.007,4.758279069210403,24720,/home/amos/media/tv/Servant.S01.HDR.2160p.WEB.h265-NiXON/Servant.S01E09.HDR.2160p.WEB.h265-NiXON.mkv,1,9,8068860,
249,540,1080,0,87,58,260,87,5017,0.009,5.654226004320663,24744,/home/amos/media/tv/Servant.S01.HDR.2160p.WEB.h265-NiXON/Servant.S01E09.HDR.2160p.WEB.h265-NiXON.mkv,1,9,8068860,
250,540,1080,0,85,61,259,85,4176,0.007,7.484672090853564,24768,/home/amos/media/tv/Servant.S01.HDR.2160p.WEB.h265-NiXON/Servant.S01E09.HDR.2160p.WEB.h265-NiXON.mkv,1,9,8068860,
251,540,1080,0,40,205,520,40,79200,0.136,4.418084055592772,24792,/home/amos/media/tv/Servant.S01.HDR.2160p.WEB.h265-NiXON/Servant.S01E09.HDR.2160p.WEB.h265-NiXON.mkv,1,9,8068860,
252,540,1080,0,42,205,523,42,78403,0.134,5.969425096584018,24816,/home/amos/media/tv/Servant.S01.HDR.2160p.WEB.h265-NiXON/Servant.S01E09.HDR.2160p.WEB.h265-NiXON.mkv,1,9,8068860,
253,540,1080,0,44,201,517,44,74261,0.127,7.898004932969343,24840,/home/amos/media/tv/Servant.S01.HDR.2160p.WEB.h265-NiXON/Servant.S01E09.HDR.2160p.WEB.h265-NiXON.mkv,1,9,8068860,
254,540,1080,0,47,205,518,47,74418,0.128,3.5227429486694746,24864,/home/amos/media/tv/Servant.S01.HDR.2160p.WEB.h265-NiXON/Servant.S01E09.HDR.2160p.WEB.h265-NiXON.mkv,1,9,8068860,
255,540,1080,0,41,203,521,41,77760,0.133,4.462759160611313,24888,/home/amos/media/tv/Servant.S01.HDR.2160p.WEB.h265-NiXON/Servant.S01E09.HDR.2160p.WEB.h265-NiXON.mkv,1,9,8068860,
256,540,1080,0,40,204,515,40,77900,0.134,5.642206105811056,24912,/home/amos/media/tv/Servant.S01.HDR.2160p.WEB.h265-NiXON/Servant.S01E09.HDR.2160p.WEB.h265-NiXON.mkv,1,9,8068860,
257,540,1080,0,37,207,516,37,81430,0.14,6.566687074897345,24936,/home/amos/media/tv/Servant.S01.HDR.2160p.WEB.h265-NiXON/Servant.S01E09.HDR.2160p.WEB.h265-NiXON.mkv,1,9,8068860,
258,540,1080,0,34,211,515,34,85137,0.146,4.746471848164219,24984,/home/amos/media/tv/Servant.S01.HDR.2160p.WEB.h265-NiXON/Servant.S01E09.HDR.2160p.WEB.h265-NiXON.mkv,1,9,8068860,
259,540,1080,0,52,182,578,52,68380,0.117,4.231203172996175,26016,/home/amos/media/tv/Servant.S01.HDR.2160p.WEB.h265-NiXON/Servant.S01E09.HDR.2160p.WEB.h265-NiXON.mkv,1,9,8068860,
260,540,1080,0,77,175,399,77,31556,0.054,5.558892168977764,26040,/home/amos/media/tv/Servant.S01.HDR.2160p.WEB.h265-NiXON/Servant.S01E09.HDR.2160p.WEB.h265-NiXON.mkv,1,9,8068860,
261,540,1080,0,70,122,398,70,17056,0.029,8.476745083811693,26064,/home/amos/media/tv/Servant.S01.HDR.2160p.WEB.h265-NiXON/Servant.S01E09.HDR.2160p.WEB.h265-NiXON.mkv,1,9,8068860,
262,540,1080,0,87,122,506,87,14665,0.025,4.848364954057615,26088,/home/amos/media/tv/Servant.S01.HDR.2160p.WEB.h265-NiXON/Servant.S01E09.HDR.2160p.WEB.h265-NiXON.mkv,1,9,8068860,
263,540,1080,0,147,132,275,147,1920,0.003,8.17769200343173,26112,/home/amos/media/tv/Servant.S01.HDR.2160p.WEB.h265-NiXON/Servant.S01E09.HDR.2160p.WEB.h265-NiXON.mkv,1,9,8068860,
264,540,1080,0,106,176,317,106,14770,0.025,2.05186910222983,26160,/home/amos/media/tv/Servant.S01.HDR.2160p.WEB.h265-NiXON/Servant.S01E09.HDR.2160p.WEB.h265-NiXON.mkv,1,9,8068860,
265,540,1080,0,136,150,450,136,4396,0.008,5.727035093004815,26184,/home/amos/media/tv/Servant.S01.HDR.2160p.WEB.h265-NiXON/Servant.S01E09.HDR.2160p.WEB.h265-NiXON.mkv,1,9,8068860,
266,540,1080,0,133,115,468,133,6030,0.01,4.959469075256493,26328,/home/amos/media/tv/Servant.S01.HDR.2160p.WEB.h265-NiXON/Servant.S01E09.HDR.2160p.WEB.h265-NiXON.mkv,1,9,8068860,
267,540,1080,0,142,117,425,142,7075,0.012,6.582471049332526,26352,/home/amos/media/tv/Servant.S01.HDR.2160p.WEB.h265-NiXON/Servant.S01E09.HDR.2160p.WEB.h265-NiXON.mkv,1,9,8068860,
268,540,1080,0,136,89,619,136,22701,0.039,8.71840807510307,26544,/home/amos/media/tv/Servant.S01.HDR.2160p.WEB.h265-NiXON/Servant.S01E09.HDR.2160p.WEB.h265-NiXON.mkv,1,9,8068860,
269,540,1080,0,215,60,780,215,87575,0.15,3.5029570743790828,26616,/home/amos/media/tv/Servant.S01.HDR.2160p.WEB.h265-NiXON/Servant.S01E09.HDR.2160p.WEB.h265-NiXON.mkv,1,9,8068860,
270,540,1080,0,144,19,300,144,19500,0.033,5.33988108637277,26640,/home/amos/media/tv/Servant.S01.HDR.2160p.WEB.h265-NiXON/Servant.S01E09.HDR.2160p.WEB.h265-NiXON.mkv,1,9,8068860,
271,540,1080,1,156,72,554,156,33432,0.057,6.8171530480613,26640,/home/amos/media/tv/Servant.S01.HDR.2160p.WEB.h265-NiXON/Servant.S01E09.HDR.2160p.WEB.h265-NiXON.mkv,1,9,8068860,
272,540,1080,0,148,158,613,148,4650,0.008,2.5777980590355583,26688,/home/amos/media/tv/Servant.S01.HDR.2160p.WEB.h265-NiXON/Servant.S01E09.HDR.2160p.WEB.h265-NiXON.mkv,1,9,8068860,
273,540,1080,0,235,249,730,235,6930,0.012,6.872549958818127,26736,/home/amos/media/tv/Servant.S01.HDR.2160p.WEB.h265-NiXON/Servant.S01E09.HDR.2160p.WEB.h265-NiXON.mkv,1,9,8068860,
274,540,1080,0,388,90,228,388,47680,0.082,3.8837520507513545,26784,/home/amos/media/tv/Servant.S01.HDR.2160p.WEB.h265-NiXON/Servant.S01E09.HDR.2160p.WEB.h265-NiXON.mkv,1,9,8068860,
275,540,1080,0,64,35,564,64,14500,0.025,7.712518025306053,26976,/home/amos/media/tv/Servant.S01.HDR.2160p.WEB.h265-NiXON/Servant.S01E09.HDR.2160p.WEB.h265-NiXON.mkv,1,9,8068860,
276,540,1080,0,62,41,564,62,10542,0.018,5.81523106264649,27000,/home/amos/media/tv/Servant.S01.HDR.2160p.WEB.h265-NiXON/Servant.S01E09.HDR.2160p.WEB.h265-NiXON.mkv,1,9,8068860,
277,540,1080,0,60,51,349,60,2601,0.004,7.604611075890716,27336,/home/amos/media/tv/Servant.S01.HDR.2160p.WEB.h265-NiXON/Servant.S01E09.HDR.2160p.WEB.h265-NiXON.mkv,1,9,8068860,
278,540,1080,0,63,36,375,63,8424,0.014,9.415156057453714,27360,/home/amos/media/tv/Servant.S01.HDR.2160p.WEB.h265-NiXON/Servant.S01E09.HDR.2160p.WEB.h265-NiXON.mkv,1,9,8068860,
279,540,1080,0,391,21,377,391,5180,0.009,3.33351612201659,27624,/home/amos/media/tv/Servant.S01.HDR.2160p.WEB.h265-NiXON/Servant.S01E09.HDR.2160p.WEB.h265-NiXON.mkv,1,9,8068860,
280,540,1080,0,52,351,660,52,181792,0.312,3.699039022030776,27744,/home/amos/media/tv/Servant.S01.HDR.2160p.WEB.h265-NiXON/Servant.S01E09.HDR.2160p.WEB.h265-NiXON.mkv,1,9,8068860,
281,540,1080,0,120,138,426,120,5508,0.009,5.587676091468893,28656,/home/amos/media/tv/Servant.S01.HDR.2160p.WEB.h265-NiXON/Servant.S01E09.HDR.2160p.WEB.h265-NiXON.mkv,1,9,8068860,
282,540,1080,0,183,91,417,183,21528,0.037,9.329163171467371,28920,/home/amos/media/tv/Servant.S01.HDR.2160p.WEB.h265-NiXON/Servant.S01E09.HDR.2160p.WEB.h265-NiXON.mkv,1,9,8068860,
283,540,1080,0,214,38,392,214,31328,0.054,9.981777120498007,28944,/home/amos/media/tv/Servant.S01.HDR.2160p.WEB.h265-NiXON/Servant.S01E09.HDR.2160p.WEB.h265-NiXON.mkv,1,9,8068860,
284,540,1080,0,142,115,480,142,9126,0.016,8.176429974322673,31584,/home/amos/media/tv/Servant.S01.HDR.2160p.WEB.h265-NiXON/Servant.S01E09.HDR.2160p.WEB.h265-NiXON.mkv,1,9,8068860,
285,540,1080,0,135,117,441,135,5508,0.009,8.321704089583363,31608,/home/amos/media/tv/Servant.S01.HDR.2160p.WEB.h265-NiXON/Servant.S01E09.HDR.2160p.WEB.h265-NiXON.mkv,1,9,8068860,
286,540,1080,0,132,125,563,132,3017,0.005,8.729383069032338,31632,/home/amos/media/tv/Servant.S01.HDR.2160p.WEB.h265-NiXON/Servant.S01E09.HDR.2160p.WEB.h265-NiXON.mkv,1,9,8068860,
287,540,1080,0,137,119,491,137,6372,0.011,8.468530057871249,31656,/home/amos/media/tv/Servant.S01.HDR.2160p.WEB.h265-NiXON/Servant.S01E09.HDR.2160p.WEB.h265-NiXON.mkv,1,9,8068860,
288,540,1080,0,134,130,463,134,1316,0.002,3.0220170926186256,31680,/home/amos/media/tv/Servant.S01.HDR.2160p.WEB.h265-NiXON/Servant.S01E09.HDR.2160p.WEB.h265-NiXON.mkv,1,9,8068860,
289,540,1080,0,58,200,795,58,104654,0.179,6.302691856923048,31896,/home/amos/media/tv/Servant.S01.HDR.2160p.WEB.h265-NiXON/Servant.S01E09.HDR.2160p.WEB.h265-NiXON.mkv,1,9,8068860,
290,540,1080,0,100,188,123,100,2024,0.003,2.2550710639334284,31968,/home/amos/media/tv/Servant.S01.HDR.2160p.WEB.h265-NiXON/Servant.S01E09.HDR.2160p.WEB.h265-NiXON.mkv,1,9,8068860,
291,540,1080,0,153,58,770,153,58615,0.101,7.952730987686664,32184,/home/amos/media/tv/Servant.S01.HDR.2160p.WEB.h265-NiXON/Servant.S01E09.HDR.2160p.WEB.h265-NiXON.mkv,1,9,8068860,
292,540,1080,0,192,34,806,192,97012,0.166,9.722386037174148,32232,/home/amos/media/tv/Servant.S01.HDR.2160p.WEB.h265-NiXON/Servant.S01E09.HDR.2160p.WEB.h265-NiXON.mkv,1,9,8068860,
293,540,1080,0,53,166,491,53,49494,0.085,3.825733962643426,32640,/home/amos/media/tv/Servant.S01.HDR.2160p.WEB.h265-NiXON/Servant.S01E09.HDR.2160p.WEB.h265-NiXON.mkv,1,9,8068860,
294,540,1080,0,79,35,651,79,25168,0.043,7.30144309613388,32712,/home/amos/media/tv/Servant.S01.HDR.2160p.WEB.h265-NiXON/Servant.S01E09.HDR.2160p.WEB.h265-NiXON.mkv,1,9,8068860,
295,540,1080,0,168,67,700,168,53732,0.092,11.39657503500348,33816,/home/amos/media/tv/Servant.S01.HDR.2160p.WEB.h265-NiXON/Servant.S01E09.HDR.2160p.WEB.h265-NiXON.mkv,1,9,8068860,
296,540,1080,0,141,106,460,141,11165,0.019,5.134500105341431,33960,/home/amos/media/tv/Servant.S01.HDR.2160p.WEB.h265-NiXON/Servant.S01E09.HDR.2160p.WEB.h265-NiXON.mkv,1,9,8068860,
297,540,1080,1,68,164,479,68,39456,0.068,3.230535013659392,33960,/home/amos/media/tv/Servant.S01.HDR.2160p.WEB.h265-NiXON/Servant.S01E09.HDR.2160p.WEB.h265-NiXON.mkv,1,9,8068860,
298,540,1080,0,138,110,455,138,8876,0.015,4.732463047199417,33984,/home/amos/media/tv/Servant.S01.HDR.2160p.WEB.h265-NiXON/Servant.S01E09.HDR.2160p.WEB.h265-NiXON.mkv,1,9,8068860,
299,540,1080,0,117,143,506,117,10114,0.017,4.523852109967265,34008,/home/amos/media/tv/Servant.S01.HDR.2160p.WEB.h265-NiXON/Servant.S01E09.HDR.2160p.WEB.h265-NiXON.mkv,1,9,8068860,
300,540,1080,0,70,164,568,70,46812,0.08,5.538677049276885,34032,/home/amos/media/tv/Servant.S01.HDR.2160p.WEB.h265-NiXON/Servant.S01E09.HDR.2160p.WEB.h265-NiXON.mkv,1,9,8068860,
301,540,1080,0,52,87,538,52,17010,0.029,4.458954136294778,34104,/home/amos/media/tv/Servant.S01.HDR.2160p.WEB.h265-NiXON/Servant.S01E09.HDR.2160p.WEB.h265-NiXON.mkv,1,9,8068860,
302,540,1080,0,80,229,659,80,86271,0.148,5.683895113063045,34152,/home/amos/media/tv/Servant.S01.HDR.2160p.WEB.h265-NiXON/Servant.S01E09.HDR.2160p.WEB.h265-NiXON.mkv,1,9,8068860,
303,540,1080,0,85,215,655,85,74100,0.127,5.367040075943805,34176,/home/amos/media/tv/Servant.S01.HDR.2160p.WEB.h265-NiXON/Servant.S01E09.HDR.2160p.WEB.h265-NiXON.mkv,1,9,8068860,
304,540,1080,0,87,211,649,87,69688,0.119,3.1512711740797386,34200,/home/amos/media/tv/Servant.S01.HDR.2160p.WEB.h265-NiXON/Servant.S01E09.HDR.2160p.WEB.h265-NiXON.mkv,1,9,8068860,
305,540,1080,0,80,212,654,80,75768,0.13,3.9327759884181432,34224,/home/amos/media/tv/Servant.S01.HDR.2160p.WEB.h265-NiXON/Servant.S01E09.HDR.2160p.WEB.h265-NiXON.mkv,1,9,8068860,
306,540,1080,0,93,205,646,93,61936,0.106,3.9864261880284175,34248,/home/amos/media/tv/Servant.S01.HDR.2160p.WEB.h265-NiXON/Servant.S01E09.HDR.2160p.WEB.h265-NiXON.mkv,1,9,8068860,
307,540,1080,0,111,179,593,111,32776,0.056,8.648111034592148,34344,/home/amos/media/tv/Servant.S01.HDR.2160p.WEB.h265-NiXON/Servant.S01E09.HDR.2160p.WEB.h265-NiXON.mkv,1,9,8068860,
308,540,1080,0,117,167,595,117,23900,0.041,8.470168054511305,34368,/home/amos/media/tv/Servant.S01.HDR.2160p.WEB.h265-NiXON/Servant.S01E09.HDR.2160p.WEB.h265-NiXON.mkv,1,9,8068860,
309,540,1080,0,117,159,599,117,20244,0.035,10.172086103295442,34392,/home/amos/media/tv/Servant.S01.HDR.2160p.WEB.h265-NiXON/Servant.S01E09.HDR.2160p.WEB.h265-NiXON.mkv,1,9,8068860,
310,540,1080,0,152,132,584,152,8640,0.015,6.505184135807212,34416,/home/amos/media/tv/Servant.S01.HDR.2160p.WEB.h265-NiXON/Servant.S01E09.HDR.2160p.WEB.h265-NiXON.mkv,1,9,8068860,
311,540,1080,0,162,131,566,162,12524,0.021,7.020439065236133,34440,/home/amos/media/tv/Servant.S01.HDR.2160p.WEB.h265-NiXON/Servant.S01E09.HDR.2160p.WEB.h265-NiXON.mkv,1,9,8068860,
312,540,1080,0,68,263,84,68,3120,0.005,6.0075231489609,34656,/home/amos/media/tv/Servant.S01.HDR.2160p.WEB.h265-NiXON/Servant.S01E09.HDR.2160p.WEB.h265-NiXON.mkv,1,9,8068860,
313,540,1080,0,284,53,195,284,20559,0.035,4.45617100794334,34872,/home/amos/media/tv/Servant.S01.HDR.2160p.WEB.h265-NiXON/Servant.S01E09.HDR.2160p.WEB.h265-NiXON.mkv,1,9,8068860,
314,540,1080,0,68,238,569,68,85170,0.146,4.353667122486513,35088,/home/amos/media/tv/Servant.S01.HDR.2160p.WEB.h265-NiXON/Servant.S01E09.HDR.2160p.WEB.h265-NiXON.mkv,1,9,8068860,
315,540,1080,0,58,274,272,58,46224,0.079,1.5384710142971016,35208,/home/amos/media/tv/Servant.S01.HDR.2160p.WEB.h265-NiXON/Servant.S01E09.HDR.2160p.WEB.h265-NiXON.mkv,1,9,8068860,
316,540,1080,0,59,42,274,59,3655,0.006,3.1748471340397373,35376,/home/amos/media/tv/Servant.S01.HDR.2160p.WEB.h265-NiXON/Servant.S01E09.HDR.2160p.WEB.h265-NiXON.mkv,1,9,8068860,
317,540,1080,0,60,42,56,60,72,0.0,6.320212104008533,35400,/home/amos/media/tv/Servant.S01.HDR.2160p.WEB.h265-NiXON/Servant.S01E09.HDR.2160p.WEB.h265-NiXON.mkv,1,9,8068860,
318,540,1080,1,57,190,380,57,42959,0.074,0.416160071908962,35400,/home/amos/media/tv/Servant.S01.HDR.2160p.WEB.h265-NiXON/Servant.S01E09.HDR.2160p.WEB.h265-NiXON.mkv,1,9,8068860,
319,540,1080,0,52,27,123,52,1775,0.003,0.4912170466850512,35424,/home/amos/media/tv/Servant.S01.HDR.2160p.WEB.h265-NiXON/Servant.S01E09.HDR.2160p.WEB.h265-NiXON.mkv,1,9,8068860,
320,540,1080,1,58,10,222,58,7872,0.013,5.028539165970869,35424,/home/amos/media/tv/Servant.S01.HDR.2160p.WEB.h265-NiXON/Servant.S01E09.HDR.2160p.WEB.h265-NiXON.mkv,1,9,8068860,
321,540,1080,0,84,146,667,84,36146,0.062,5.502844161936082,36360,/home/amos/media/tv/Servant.S01.HDR.2160p.WEB.h265-NiXON/Servant.S01E09.HDR.2160p.WEB.h265-NiXON.mkv,1,9,8068860,
322,540,1080,0,99,102,692,99,1779,0.003,7.771458093484398,36384,/home/amos/media/tv/Servant.S01.HDR.2160p.WEB.h265-NiXON/Servant.S01E09.HDR.2160p.WEB.h265-NiXON.mkv,1,9,8068860,
323,540,1080,0,90,75,707,90,9255,0.016,3.583922139310744,37176,/home/amos/media/tv/Servant.S01.HDR.2160p.WEB.h265-NiXON/Servant.S01E09.HDR.2160p.WEB.h265-NiXON.mkv,1,9,8068860,
324,540,1080,0,60,95,549,60,17115,0.029,7.411249005177524,37200,/home/amos/media/tv/Servant.S01.HDR.2160p.WEB.h265-NiXON/Servant.S01E09.HDR.2160p.WEB.h265-NiXON.mkv,1,9,8068860,
325,540,1080,1,66,43,889,66,18929,0.032,6.203053958190139,37200,/home/amos/media/tv/Servant.S01.HDR.2160p.WEB.h265-NiXON/Servant.S01E09.HDR.2160p.WEB.h265-NiXON.mkv,1,9,8068860,
326,540,1080,2,60,191,286,60,29606,0.051,4.323900976974983,37200,/home/amos/media/tv/Servant.S01.HDR.2160p.WEB.h265-NiXON/Servant.S01E09.HDR.2160p.WEB.h265-NiXON.mkv,1,9,8068860,
327,540,1080,3,71,234,271,71,32600,0.056,6.0426520830369554,37200,/home/amos/media/tv/Servant.S01.HDR.2160p.WEB.h265-NiXON/Servant.S01E09.HDR.2160p.WEB.h265-NiXON.mkv,1,9,8068860,
328,540,1080,0,68,42,883,68,21190,0.036,5.954593011119869,37224,/home/amos/media/tv/Servant.S01.HDR.2160p.WEB.h265-NiXON/Servant.S01E09.HDR.2160p.WEB.h265-NiXON.mkv,1,9,8068860,
329,540,1080,1,64,107,594,64,22790,0.039,7.072403019934427,37224,/home/amos/media/tv/Servant.S01.HDR.2160p.WEB.h265-NiXON/Servant.S01E09.HDR.2160p.WEB.h265-NiXON.mkv,1,9,8068860,
330,540,1080,2,59,193,290,59,30954,0.053,5.093040022940841,37224,/home/amos/media/tv/Servant.S01.HDR.2160p.WEB.h265-NiXON/Servant.S01E09.HDR.2160p.WEB.h265-NiXON.mkv,1,9,8068860,
331,540,1080,3,74,233,272,74,31482,0.054,4.475253063661512,37224,/home/amos/media/tv/Servant.S01.HDR.2160p.WEB.h265-NiXON/Servant.S01E09.HDR.2160p.WEB.h265-NiXON.mkv,1,9,8068860,
332,540,1080,0,68,45,899,68,19113,0.033,7.706076876667794,37248,/home/amos/media/tv/Servant.S01.HDR.2160p.WEB.h265-NiXON/Servant.S01E09.HDR.2160p.WEB.h265-NiXON.mkv,1,9,8068860,
333,540,1080,1,73,116,613,73,23220,0.04,5.598355057823937,37248,/home/amos/media/tv/Servant.S01.HDR.2160p.WEB.h265-NiXON/Servant.S01E09.HDR.2160p.WEB.h265-NiXON.mkv,1,9,8068860,
334,540,1080,0,234,48,578,234,63984,0.11,10.170351046021096,37272,/home/amos/media/tv/Servant.S01.HDR.2160p.WEB.h265-NiXON/Servant.S01E09.HDR.2160p.WEB.h265-NiXON.mkv,1,9,8068860,
335,540,1080,0,234,81,532,234,45594,0.078,8.5426001570886,37296,/home/amos/media/tv/Servant.S01.HDR.2160p.WEB.h265-NiXON/Servant.S01E09.HDR.2160p.WEB.h265-NiXON.mkv,1,9,8068860,
336,540,1080,0,238,81,517,238,43803,0.075,7.365435029263608,37320,/home/amos/media/tv/Servant.S01.HDR.2160p.WEB.h265-NiXON/Servant.S01E09.HDR.2160p.WEB.h265-NiXON.mkv,1,9,8068860,
337,540,1080,0,239,82,510,239,42547,0.073,9.388575977063738,37344,/home/amos/media/tv/Servant.S01.HDR.2160p.WEB.h265-NiXON/Servant.S01E09.HDR.2160p.WEB.h265-NiXON.mkv,1,9,8068860,
338,540,1080,0,227,94,516,227,38437,0.066,7.873445123783313,37368,/home/amos/media/tv/Servant.S01.HDR.2160p.WEB.h265-NiXON/Servant.S01E09.HDR.2160p.WEB.h265-NiXON.mkv,1,9,8068860,
339,540,1080,0,233,67,494,233,43326,0.074,8.757020986115094,37392,/home/amos/media/tv/Servant.S01.HDR.2160p.WEB.h265-NiXON/Servant.S01E09.HDR.2160p.WEB.h265-NiXON.mkv,1,9,8068860,
340,540,1080,0,236,79,520,236,44588,0.076,7.574459040013608,37416,/home/amos/media/tv/Servant.S01.HDR.2160p.WEB.h265-NiXON/Servant.S01E09.HDR.2160p.WEB.h265-NiXON.mkv,1,9,8068860,
341,540,1080,0,238,86,519,238,42712,0.073,9.040059024875518,37440,/home/amos/media/tv/Servant.S01.HDR.2160p.WEB.h265-NiXON/Servant.S01E09.HDR.2160p.WEB.h265-NiXON.mkv,1,9,8068860,
342,540,1080,0,146,87,505,146,21181,0.036,7.221725962066557,37536,/home/amos/media/tv/Servant.S01.HDR.2160p.WEB.h265-NiXON/Servant.S01E09.HDR.2160p.WEB.h265-NiXON.mkv,1,9,8068860,
343,540,1080,0,40,288,567,40,130696,0.224,4.494464102841448,37584,/home/amos/media/tv/Servant.S01.HDR.2160p.WEB.h265-NiXON/Servant.S01E09.HDR.2160p.WEB.h265-NiXON.mkv,1,9,8068860,
344,540,1080,0,39,286,567,39,130416,0.224,3.4539249422377907,37608,/home/amos/media/tv/Servant.S01.HDR.2160p.WEB.h265-NiXON/Servant.S01E09.HDR.2160p.WEB.h265-NiXON.mkv,1,9,8068860,
345,540,1080,0,139,143,545,139,1624,0.003,3.312940101779532,37632,/home/amos/media/tv/Servant.S01.HDR.2160p.WEB.h265-NiXON/Servant.S01E09.HDR.2160p.WEB.h265-NiXON.mkv,1,9,8068860,
346,540,1080,0,136,148,562,136,5112,0.009,3.607152053853497,37656,/home/amos/media/tv/Servant.S01.HDR.2160p.WEB.h265-NiXON/Servant.S01E09.HDR.2160p.WEB.h265-NiXON.mkv,1,9,8068860,
347,540,1080,0,148,141,572,148,2968,0.005,6.346420171146747,37680,/home/amos/media/tv/Servant.S01.HDR.2160p.WEB.h265-NiXON/Servant.S01E09.HDR.2160p.WEB.h265-NiXON.mkv,1,9,8068860,
348,540,1080,0,147,130,558,147,6987,0.012,2.504549100238364,38160,/home/amos/media/tv/Servant.S01.HDR.2160p.WEB.h265-NiXON/Servant.S01E09.HDR.2160p.WEB.h265-NiXON.mkv,1,9,8068860,
349,540,1080,0,150,138,556,150,4872,0.008,5.331293135357555,38688,/home/amos/media/tv/Servant.S01.HDR.2160p.WEB.h265-NiXON/Servant.S01E09.HDR.2160p.WEB.h265-NiXON.mkv,1,9,8068860,
350,540,1080,0,162,131,549,162,11997,0.021,4.606063149112742,38712,/home/amos/media/tv/Servant.S01.HDR.2160p.WEB.h265-NiXON/Servant.S01E09.HDR.2160p.WEB.h265-NiXON.mkv,1,9,8068860,
351,540,1080,0,151,136,561,151,6150,0.011,6.426919178047683,38736,/home/amos/media/tv/Servant.S01.HDR.2160p.WEB.h265-NiXON/Servant.S01E09.HDR.2160p.WEB.h265-NiXON.mkv,1,9,8068860,
352,540,1080,0,154,136,553,154,7182,0.012,4.349403221101966,38760,/home/amos/media/tv/Servant.S01.HDR.2160p.WEB.h265-NiXON/Servant.S01E09.HDR.2160p.WEB.h265-NiXON.mkv,1,9,8068860,
353,540,1080,0,150,148,551,150,802,0.001,2.6301072424976155,38784,/home/amos/media/tv/Servant.S01.HDR.2160p.WEB.h265-NiXON/Servant.S01E09.HDR.2160p.WEB.h265-NiXON.mkv,1,9,8068860,
354,540,1080,0,151,147,552,151,1604,0.003,3.251361149305012,38808,/home/amos/media/tv/Servant.S01.HDR.2160p.WEB.h265-NiXON/Servant.S01E09.HDR.2160p.WEB.h265-NiXON.mkv,1,9,8068860,
355,540,1080,0,154,145,548,154,3546,0.006,2.631903068337124,38832,/home/amos/media/tv/Servant.S01.HDR.2160p.WEB.h265-NiXON/Servant.S01E09.HDR.2160p.WEB.h265-NiXON.mkv,1,9,8068860,
356,540,1080,0,26,148,788,26,92964,0.159,6.473162094072904,39072,/home/amos/media/tv/Servant.S01.HDR.2160p.WEB.h265-NiXON/Servant.S01E09.HDR.2160p.WEB.h265-NiXON.mkv,1,9,8068860,
357,540,1080,0,27,132,808,27,82005,0.141,5.606414013134781,39096,/home/amos/media/tv/Servant.S01.HDR.2160p.WEB.h265-NiXON/Servant.S01E09.HDR.2160p.WEB.h265-NiXON.mkv,1,9,8068860,
358,540,1080,0,28,113,831,28,68255,0.117,5.972502038523089,39120,/home/amos/media/tv/Servant.S01.HDR.2160p.WEB.h265-NiXON/Servant.S01E09.HDR.2160p.WEB.h265-NiXON.mkv,1,9,8068860,
359,540,1080,0,31,86,860,31,45595,0.078,7.446808049397077,39144,/home/amos/media/tv/Servant.S01.HDR.2160p.WEB.h265-NiXON/Servant.S01E09.HDR.2160p.WEB.h265-NiXON.mkv,1,9,8068860,
360,540,1080,0,34,60,890,34,22256,0.038,7.685163939895574,39168,/home/amos/media/tv/Servant.S01.HDR.2160p.WEB.h265-NiXON/Servant.S01E09.HDR.2160p.WEB.h265-NiXON.mkv,1,9,8068860,
361,540,1080,0,38,24,929,38,12474,0.021,7.082140000129584,39192,/home/amos/media/tv/Servant.S01.HDR.2160p.WEB.h265-NiXON/Servant.S01E09.HDR.2160p.WEB.h265-NiXON.mkv,1,9,8068860,
362,540,1080,1,60,230,425,60,62050,0.106,7.6998691080952995,39192,/home/amos/media/tv/Servant.S01.HDR.2160p.WEB.h265-NiXON/Servant.S01E09.HDR.2160p.WEB.h265-NiXON.mkv,1,9,8068860,
363,540,1080,0,73,228,398,73,50375,0.086,7.376524028193671,39216,/home/amos/media/tv/Servant.S01.HDR.2160p.WEB.h265-NiXON/Servant.S01E09.HDR.2160p.WEB.h265-NiXON.mkv,1,9,8068860,
364,540,1080,0,87,206,373,87,34034,0.058,9.05023513076594,39240,/home/amos/media/tv/Servant.S01.HDR.2160p.WEB.h265-NiXON/Servant.S01E09.HDR.2160p.WEB.h265-NiXON.mkv,1,9,8068860,
365,540,1080,0,104,212,342,104,25704,0.044,9.926676269096788,39264,/home/amos/media/tv/Servant.S01.HDR.2160p.WEB.h265-NiXON/Servant.S01E09.HDR.2160p.WEB.h265-NiXON.mkv,1,9,8068860,
366,540,1080,0,132,137,443,132,1555,0.003,4.358030032075476,39312,/home/amos/media/tv/Servant.S01.HDR.2160p.WEB.h265-NiXON/Servant.S01E09.HDR.2160p.WEB.h265-NiXON.mkv,1,9,8068860,
367,540,1080,0,143,131,423,143,3360,0.006,5.425457070057746,39336,/home/amos/media/tv/Servant.S01.HDR.2160p.WEB.h265-NiXON/Servant.S01E09.HDR.2160p.WEB.h265-NiXON.mkv,1,9,8068860,
368,540,1080,0,139,133,421,139,1692,0.003,5.616903995512985,39360,/home/amos/media/tv/Servant.S01.HDR.2160p.WEB.h265-NiXON/Servant.S01E09.HDR.2160p.WEB.h265-NiXON.mkv,1,9,8068860,
369,540,1080,0,144,133,413,144,2959,0.005,3.9038730367901735,39384,/home/amos/media/tv/Servant.S01.HDR.2160p.WEB.h265-NiXON/Servant.S01E09.HDR.2160p.WEB.h265-NiXON.mkv,1,9,8068860,
370,540,1080,0,147,133,411,147,3696,0.006,5.053453047876246,39408,/home/amos/media/tv/Servant.S01.HDR.2160p.WEB.h265-NiXON/Servant.S01E09.HDR.2160p.WEB.h265-NiXON.mkv,1,9,8068860,
371,540,1080,0,153,130,403,153,5750,0.01,3.0762800901429728,39432,/home/amos/media/tv/Servant.S01.HDR.2160p.WEB.h265-NiXON/Servant.S01E09.HDR.2160p.WEB.h265-NiXON.mkv,1,9,8068860,
372,540,1080,0,171,120,388,171,11067,0.019,3.281781040248461,39456,/home/amos/media/tv/Servant.S01.HDR.2160p.WEB.h265-NiXON/Servant.S01E09.HDR.2160p.WEB.h265-NiXON.mkv,1,9,8068860,
373,540,1080,0,173,119,389,173,11664,0.02,2.7648720710421912,39480,/home/amos/media/tv/Servant.S01.HDR.2160p.WEB.h265-NiXON/Servant.S01E09.HDR.2160p.WEB.h265-NiXON.mkv,1,9,8068860,
374,540,1080,0,170,114,388,170,12208,0.021,3.518554064619821,39504,/home/amos/media/tv/Servant.S01.HDR.2160p.WEB.h265-NiXON/Servant.S01E09.HDR.2160p.WEB.h265-NiXON.mkv,1,9,8068860,
375,540,1080,0,174,115,386,174,12508,0.021,1.6935169891803523,39528,/home/amos/media/tv/Servant.S01.HDR.2160p.WEB.h265-NiXON/Servant.S01E09.HDR.2160p.WEB.h265-NiXON.mkv,1,9,8068860,
376,540,1080,0,164,119,393,164,10305,0.018,3.007771057251375,39552,/home/amos/media/tv/Servant.S01.HDR.2160p.WEB.h265-NiXON/Servant.S01E09.HDR.2160p.WEB.h265-NiXON.mkv,1,9,8068860,
377,540,1080,0,72,237,586,72,84810,0.145,2.432414114882704,39768,/home/amos/media/tv/Servant.S01.HDR.2160p.WEB.h265-NiXON/Servant.S01E09.HDR.2160p.WEB.h265-NiXON.mkv,1,9,8068860,
378,540,1080,0,105,15,937,105,74880,0.128,2.594560098077636,39936,/home/amos/media/tv/Servant.S01.HDR.2160p.WEB.h265-NiXON/Servant.S01E09.HDR.2160p.WEB.h265-NiXON.mkv,1,9,8068860,
379,540,1080,0,71,71,813,71,0,0.0,3.5776090954313986,40320,/home/amos/media/tv/Servant.S01.HDR.2160p.WEB.h265-NiXON/Servant.S01E09.HDR.2160p.WEB.h265-NiXON.mkv,1,9,8068860,
380,540,1080,1,80,55,976,80,22400,0.038,5.228779090044554,40320,/home/amos/media/tv/Servant.S01.HDR.2160p.WEB.h265-NiXON/Servant.S01E09.HDR.2160p.WEB.h265-NiXON.mkv,1,9,8068860,
381,540,1080,0,53,151,119,53,6468,0.011,0.4038660530350171,40440,/home/amos/media/tv/Servant.S01.HDR.2160p.WEB.h265-NiXON/Servant.S01E09.HDR.2160p.WEB.h265-NiXON.mkv,1,9,8068860,
382,540,1080,0,112,180,819,112,48076,0.082,5.645432168035768,40464,/home/amos/media/tv/Servant.S01.HDR.2160p.WEB.h265-NiXON/Servant.S01E09.HDR.2160p.WEB.h265-NiXON.mkv,1,9,8068860,
383,540,1080,0,48,260,497,48,95188,0.163,7.398753980465699,41616,/home/amos/media/tv/Servant.S01.HDR.2160p.WEB.h265-NiXON/Servant.S01E09.HDR.2160p.WEB.h265-NiXON.mkv,1,9,8068860,
384,540,1080,0,47,260,498,47,96063,0.165,7.972485280770343,41640,/home/amos/media/tv/Servant.S01.HDR.2160p.WEB.h265-NiXON/Servant.S01E09.HDR.2160p.WEB.h265-NiXON.mkv,1,9,8068860,
385,540,1080,0,51,258,496,51,92115,0.158,7.862083133484703,41664,/home/amos/media/tv/Servant.S01.HDR.2160p.WEB.h265-NiXON/Servant.S01E09.HDR.2160p.WEB.h265-NiXON.mkv,1,9,8068860,
386,540,1080,0,43,262,500,43,100083,0.172,6.924036267388146,41688,/home/amos/media/tv/Servant.S01.HDR.2160p.WEB.h265-NiXON/Servant.S01E09.HDR.2160p.WEB.h265-NiXON.mkv,1,9,8068860,
387,540,1080,0,46,261,498,46,97180,0.167,8.09615615021903,41712,/home/amos/media/tv/Servant.S01.HDR.2160p.WEB.h265-NiXON/Servant.S01E09.HDR.2160p.WEB.h265-NiXON.mkv,1,9,8068860,
388,540,1080,0,43,262,501,43,100302,0.172,7.663903095934074,41736,/home/amos/media/tv/Servant.S01.HDR.2160p.WEB.h265-NiXON/Servant.S01E09.HDR.2160p.WEB.h265-NiXON.mkv,1,9,8068860,
389,540,1080,0,42,262,500,42,100760,0.173,7.836037277418654,41760,/home/amos/media/tv/Servant.S01.HDR.2160p.WEB.h265-NiXON/Servant.S01E09.HDR.2160p.WEB.h265-NiXON.mkv,1,9,8068860,
390,540,1080,0,46,260,499,46,96942,0.166,7.360305106616579,41784,/home/amos/media/tv/Servant.S01.HDR.2160p.WEB.h265-NiXON/Servant.S01E09.HDR.2160p.WEB.h265-NiXON.mkv,1,9,8068860,
391,540,1080,0,43,262,500,43,100083,0.172,7.258740160788875,41808,/home/amos/media/tv/Servant.S01.HDR.2160p.WEB.h265-NiXON/Servant.S01E09.HDR.2160p.WEB.h265-NiXON.mkv,1,9,8068860,
392,540,1080,0,44,261,499,44,98735,0.169,6.678722147247754,41832,/home/amos/media/tv/Servant.S01.HDR.2160p.WEB.h265-NiXON/Servant.S01E09.HDR.2160p.WEB.h265-NiXON.mkv,1,9,8068860,
393,540,1080,0,44,261,499,44,98735,0.169,7.770046211546287,41856,/home/amos/media/tv/Servant.S01.HDR.2160p.WEB.h265-NiXON/Servant.S01E09.HDR.2160p.WEB.h265-NiXON.mkv,1,9,8068860,
394,540,1080,0,45,260,499,45,97610,0.167,7.891190147143789,41880,/home/amos/media/tv/Servant.S01.HDR.2160p.WEB.h265-NiXON/Servant.S01E09.HDR.2160p.WEB.h265-NiXON.mkv,1,9,8068860,
395,540,1080,0,46,260,499,46,96942,0.166,6.257109143945854,41904,/home/amos/media/tv/Servant.S01.HDR.2160p.WEB.h265-NiXON/Servant.S01E09.HDR.2160p.WEB.h265-NiXON.mkv,1,9,8068860,
396,540,1080,0,43,262,500,43,100083,0.172,6.536714149522595,41928,/home/amos/media/tv/Servant.S01.HDR.2160p.WEB.h265-NiXON/Servant.S01E09.HDR.2160p.WEB.h265-NiXON.mkv,1,9,8068860,
397,540,1080,0,43,262,500,43,100083,0.172,7.17978224507533,41952,/home/amos/media/tv/Servant.S01.HDR.2160p.WEB.h265-NiXON/Servant.S01E09.HDR.2160p.WEB.h265-NiXON.mkv,1,9,8068860,
398,540,1080,0,46,260,498,46,96728,0.166,6.672446108830627,41976,/home/amos/media/tv/Servant.S01.HDR.2160p.WEB.h265-NiXON/Servant.S01E09.HDR.2160p.WEB.h265-NiXON.mkv,1,9,8068860,
399,540,1080,0,45,261,499,45,98064,0.168,7.165541223948821,42000,/home/amos/media/tv/Servant.S01.HDR.2160p.WEB.h265-NiXON/Servant.S01E09.HDR.2160p.WEB.h265-NiXON.mkv,1,9,8068860,
400,540,1080,0,57,312,622,57,144075,0.247,2.51733622176107,42336,/home/amos/media/tv/Servant.S01.HDR.2160p.WEB.h265-NiXON/Servant.S01E09.HDR.2160p.WEB.h265-NiXON.mkv,1,9,8068860,
401,540,1080,0,92,80,427,92,4020,0.007,5.390067036438268,43176,/home/amos/media/tv/Servant.S01.HDR.2160p.WEB.h265-NiXON/Servant.S01E09.HDR.2160p.WEB.h265-NiXON.mkv,1,9,8068860,
402,540,1080,0,93,63,415,93,9660,0.017,4.204022030520719,43368,/home/amos/media/tv/Servant.S01.HDR.2160p.WEB.h265-NiXON/Servant.S01E09.HDR.2160p.WEB.h265-NiXON.mkv,1,9,8068860,
403,540,1080,0,45,258,617,45,121836,0.209,4.31432611233322,43464,/home/amos/media/tv/Servant.S01.HDR.2160p.WEB.h265-NiXON/Servant.S01E09.HDR.2160p.WEB.h265-NiXON.mkv,1,9,8068860,
404,540,1080,0,78,144,536,78,30228,0.052,10.597644055669662,43512,/home/amos/media/tv/Servant.S01.HDR.2160p.WEB.h265-NiXON/Servant.S01E09.HDR.2160p.WEB.h265-NiXON.mkv,1,9,8068860,
405,540,1080,0,80,146,534,80,29964,0.051,13.35999501630431,43536,/home/amos/media/tv/Servant.S01.HDR.2160p.WEB.h265-NiXON/Servant.S01E09.HDR.2160p.WEB.h265-NiXON.mkv,1,9,8068860,
406,540,1080,0,86,146,524,86,26280,0.045,5.319041053007823,43560,/home/amos/media/tv/Servant.S01.HDR.2160p.WEB.h265-NiXON/Servant.S01E09.HDR.2160p.WEB.h265-NiXON.mkv,1,9,8068860,
407,540,1080,0,79,147,514,79,29580,0.051,8.530794018821325,43584,/home/amos/media/tv/Servant.S01.HDR.2160p.WEB.h265-NiXON/Servant.S01E09.HDR.2160p.WEB.h265-NiXON.mkv,1,9,8068860,
408,540,1080,0,90,129,548,90,17862,0.031,4.951703946280759,43608,/home/amos/media/tv/Servant.S01.HDR.2160p.WEB.h265-NiXON/Servant.S01E09.HDR.2160p.WEB.h265-NiXON.mkv,1,9,8068860,
409,540,1080,0,73,156,548,73,39425,0.068,8.2736760910484,43632,/home/amos/media/tv/Servant.S01.HDR.2160p.WEB.h265-NiXON/Servant.S01E09.HDR.2160p.WEB.h265-NiXON.mkv,1,9,8068860,
410,540,1080,0,75,143,511,75,29648,0.051,6.022598888317589,43656,/home/amos/media/tv/Servant.S01.HDR.2160p.WEB.h265-NiXON/Servant.S01E09.HDR.2160p.WEB.h265-NiXON.mkv,1,9,8068860,
411,540,1080,0,77,164,534,77,39759,0.068,7.817030940379482,43704,/home/amos/media/tv/Servant.S01.HDR.2160p.WEB.h265-NiXON/Servant.S01E09.HDR.2160p.WEB.h265-NiXON.mkv,1,9,8068860,
412,540,1080,0,79,144,548,79,30485,0.052,8.500623019819614,43728,/home/amos/media/tv/Servant.S01.HDR.2160p.WEB.h265-NiXON/Servant.S01E09.HDR.2160p.WEB.h265-NiXON.mkv,1,9,8068860,
413,540,1080,0,82,146,534,82,28928,0.05,8.704592087713536,43752,/home/amos/media/tv/Servant.S01.HDR.2160p.WEB.h265-NiXON/Servant.S01E09.HDR.2160p.WEB.h265-NiXON.mkv,1,9,8068860,
414,540,1080,0,71,135,556,71,31040,0.053,9.789867055194918,43776,/home/amos/media/tv/Servant.S01.HDR.2160p.WEB.h265-NiXON/Servant.S01E09.HDR.2160p.WEB.h265-NiXON.mkv,1,9,8068860,
415,540,1080,0,74,151,540,74,35882,0.062,7.75214108050568,43800,/home/amos/media/tv/Servant.S01.HDR.2160p.WEB.h265-NiXON/Servant.S01E09.HDR.2160p.WEB.h265-NiXON.mkv,1,9,8068860,
416,540,1080,0,73,119,574,73,23046,0.04,8.869771107041743,43824,/home/amos/media/tv/Servant.S01.HDR.2160p.WEB.h265-NiXON/Servant.S01E09.HDR.2160p.WEB.h265-NiXON.mkv,1,9,8068860,
417,540,1080,0,66,354,361,66,84960,0.146,5.601810913241934,43848,/home/amos/media/tv/Servant.S01.HDR.2160p.WEB.h265-NiXON/Servant.S01E09.HDR.2160p.WEB.h265-NiXON.mkv,1,9,8068860,
418,540,1080,0,48,101,735,48,36411,0.062,7.340890025137924,43992,/home/amos/media/tv/Servant.S01.HDR.2160p.WEB.h265-NiXON/Servant.S01E09.HDR.2160p.WEB.h265-NiXON.mkv,1,9,8068860,
419,540,1080,0,51,92,663,51,25092,0.043,5.472829088452272,44016,/home/amos/media/tv/Servant.S01.HDR.2160p.WEB.h265-NiXON/Servant.S01E09.HDR.2160p.WEB.h265-NiXON.mkv,1,9,8068860,
420,540,1080,1,68,353,356,68,82080,0.141,3.315514025220182,44016,/home/amos/media/tv/Servant.S01.HDR.2160p.WEB.h265-NiXON/Servant.S01E09.HDR.2160p.WEB.h265-NiXON.mkv,1,9,8068860,
421,540,1080,0,54,84,664,54,18300,0.031,6.7102911290712655,44040,/home/amos/media/tv/Servant.S01.HDR.2160p.WEB.h265-NiXON/Servant.S01E09.HDR.2160p.WEB.h265-NiXON.mkv,1,9,8068860,
422,540,1080,1,68,352,360,68,82928,0.142,4.341924052860122,44040,/home/amos/media/tv/Servant.S01.HDR.2160p.WEB.h265-NiXON/Servant.S01E09.HDR.2160p.WEB.h265-NiXON.mkv,1,9,8068860,
423,540,1080,0,54,85,673,54,19189,0.033,6.927924090006854,44064,/home/amos/media/tv/Servant.S01.HDR.2160p.WEB.h265-NiXON/Servant.S01E09.HDR.2160p.WEB.h265-NiXON.mkv,1,9,8068860,
424,540,1080,0,52,86,673,52,21114,0.036,8.686194147157948,44088,/home/amos/media/tv/Servant.S01.HDR.2160p.WEB.h265-NiXON/Servant.S01E09.HDR.2160p.WEB.h265-NiXON.mkv,1,9,8068860,
425,540,1080,1,65,353,365,65,86400,0.148,3.765637955337297,44088,/home/amos/media/tv/Servant.S01.HDR.2160p.WEB.h265-NiXON/Servant.S01E09.HDR.2160p.WEB.h265-NiXON.mkv,1,9,8068860,
426,540,1080,0,53,87,673,53,21080,0.036,8.75345914362697,44112,/home/amos/media/tv/Servant.S01.HDR.2160p.WEB.h265-NiXON/Servant.S01E09.HDR.2160p.WEB.h265-NiXON.mkv,1,9,8068860,
427,540,1080,0,53,86,671,53,20394,0.035,7.5121311279363,44136,/home/amos/media/tv/Servant.S01.HDR.2160p.WEB.h265-NiXON/Servant.S01E09.HDR.2160p.WEB.h265-NiXON.mkv,1,9,8068860,
428,540,1080,0,54,87,672,54,20394,0.035,8.272282125311904,44160,/home/amos/media/tv/Servant.S01.HDR.2160p.WEB.h265-NiXON/Servant.S01E09.HDR.2160p.WEB.h265-NiXON.mkv,1,9,8068860,
429,540,1080,0,53,87,675,53,21148,0.036,8.246965056692716,44184,/home/amos/media/tv/Servant.S01.HDR.2160p.WEB.h265-NiXON/Servant.S01E09.HDR.2160p.WEB.h265-NiXON.mkv,1,9,8068860,
430,540,1080,0,53,86,676,53,20559,0.035,8.466091099311598,44208,/home/amos/media/tv/Servant.S01.HDR.2160p.WEB.h265-NiXON/Servant.S01E09.HDR.2160p.WEB.h265-NiXON.mkv,1,9,8068860,
431,540,1080,0,52,87,676,52,21840,0.037,9.099422146449797,44232,/home/amos/media/tv/Servant.S01.HDR.2160p.WEB.h265-NiXON/Servant.S01E09.HDR.2160p.WEB.h265-NiXON.mkv,1,9,8068860,
432,540,1080,1,74,346,353,74,75888,0.13,2.478394099220168,44232,/home/amos/media/tv/Servant.S01.HDR.2160p.WEB.h265-NiXON/Servant.S01E09.HDR.2160p.WEB.h265-NiXON.mkv,1,9,8068860,
433,540,1080,0,51,87,678,51,22572,0.039,9.31318405654747,44256,/home/amos/media/tv/Servant.S01.HDR.2160p.WEB.h265-NiXON/Servant.S01E09.HDR.2160p.WEB.h265-NiXON.mkv,1,9,8068860,
434,540,1080,1,73,345,353,73,76160,0.131,1.4506330384756438,44256,/home/amos/media/tv/Servant.S01.HDR.2160p.WEB.h265-NiXON/Servant.S01E09.HDR.2160p.WEB.h265-NiXON.mkv,1,9,8068860,
435,540,1080,0,73,346,354,73,76713,0.132,3.94124510436086,44280,/home/amos/media/tv/Servant.S01.HDR.2160p.WEB.h265-NiXON/Servant.S01E09.HDR.2160p.WEB.h265-NiXON.mkv,1,9,8068860,
436,540,1080,0,74,346,356,74,76704,0.132,3.132604990329128,44304,/home/amos/media/tv/Servant.S01.HDR.2160p.WEB.h265-NiXON/Servant.S01E09.HDR.2160p.WEB.h265-NiXON.mkv,1,9,8068860,
437,540,1080,0,54,90,719,54,23940,0.041,3.9261839920072816,44472,/home/amos/media/tv/Servant.S01.HDR.2160p.WEB.h265-NiXON/Servant.S01E09.HDR.2160p.WEB.h265-NiXON.mkv,1,9,8068860,
438,540,1080,1,55,364,382,55,101043,0.173,4.673102094966453,44472,/home/amos/media/tv/Servant.S01.HDR.2160p.WEB.h265-NiXON/Servant.S01E09.HDR.2160p.WEB.h265-NiXON.mkv,1,9,8068860,
439,540,1080,0,56,89,722,56,21978,0.038,4.143294018635061,44496,/home/amos/media/tv/Servant.S01.HDR.2160p.WEB.h265-NiXON/Servant.S01E09.HDR.2160p.WEB.h265-NiXON.mkv,1,9,8068860,
440,540,1080,1,59,365,349,59,88740,0.152,4.167048135015648,44496,/home/amos/media/tv/Servant.S01.HDR.2160p.WEB.h265-NiXON/Servant.S01E09.HDR.2160p.WEB.h265-NiXON.mkv,1,9,8068860,
441,540,1080,0,55,90,722,55,23345,0.04,9.446569073596038,44520,/home/amos/media/tv/Servant.S01.HDR.2160p.WEB.h265-NiXON/Servant.S01E09.HDR.2160p.WEB.h265-NiXON.mkv,1,9,8068860,
442,540,1080,1,62,364,351,62,87278,0.15,3.844487046997529,44520,/home/amos/media/tv/Servant.S01.HDR.2160p.WEB.h265-NiXON/Servant.S01E09.HDR.2160p.WEB.h265-NiXON.mkv,1,9,8068860,
443,540,1080,0,55,89,720,55,22610,0.039,7.875411046552472,44544,/home/amos/media/tv/Servant.S01.HDR.2160p.WEB.h265-NiXON/Servant.S01E09.HDR.2160p.WEB.h265-NiXON.mkv,1,9,8068860,
444,540,1080,1,62,364,353,62,87882,0.151,5.279214084788691,44544,/home/amos/media/tv/Servant.S01.HDR.2160p.WEB.h265-NiXON/Servant.S01E09.HDR.2160p.WEB.h265-NiXON.mkv,1,9,8068860,
445,540,1080,0,63,364,353,63,87290,0.15,4.660033062740695,44568,/home/amos/media/tv/Servant.S01.HDR.2160p.WEB.h265-NiXON/Servant.S01E09.HDR.2160p.WEB.h265-NiXON.mkv,1,9,8068860,
446,540,1080,0,62,365,353,62,88173,0.151,4.575909071310889,44592,/home/amos/media/tv/Servant.S01.HDR.2160p.WEB.h265-NiXON/Servant.S01E09.HDR.2160p.WEB.h265-NiXON.mkv,1,9,8068860,
447,540,1080,0,61,363,355,61,88788,0.152,3.356303187960293,44616,/home/amos/media/tv/Servant.S01.HDR.2160p.WEB.h265-NiXON/Servant.S01E09.HDR.2160p.WEB.h265-NiXON.mkv,1,9,8068860,
448,540,1080,0,65,366,367,65,90902,0.156,6.14036507619312,44640,/home/amos/media/tv/Servant.S01.HDR.2160p.WEB.h265-NiXON/Servant.S01E09.HDR.2160p.WEB.h265-NiXON.mkv,1,9,8068860,
449,540,1080,0,64,366,367,64,91506,0.157,5.222387053945568,44664,/home/amos/media/tv/Servant.S01.HDR.2160p.WEB.h265-NiXON/Servant.S01E09.HDR.2160p.WEB.h265-NiXON.mkv,1,9,8068860,
450,540,1080,0,100,61,485,100,15015,0.026,7.682927100628149,44688,/home/amos/media/tv/Servant.S01.HDR.2160p.WEB.h265-NiXON/Servant.S01E09.HDR.2160p.WEB.h265-NiXON.mkv,1,9,8068860,
451,540,1080,0,94,65,492,94,11542,0.02,10.616199127107391,44712,/home/amos/media/tv/Servant.S01.HDR.2160p.WEB.h265-NiXON/Servant.S01E09.HDR.2160p.WEB.h265-NiXON.mkv,1,9,8068860,
452,540,1080,0,98,42,490,98,21952,0.038,6.488448241434526,44736,/home/amos/media/tv/Servant.S01.HDR.2160p.WEB.h265-NiXON/Servant.S01E09.HDR.2160p.WEB.h265-NiXON.mkv,1,9,8068860,
453,540,1080,1,107,345,691,107,138992,0.238,4.340386124968063,44736,/home/amos/media/tv/Servant.S01.HDR.2160p.WEB.h265-NiXON/Servant.S01E09.HDR.2160p.WEB.h265-NiXON.mkv,1,9,8068860,
454,540,1080,0,111,79,455,111,11008,0.019,5.863673033309169,44760,/home/amos/media/tv/Servant.S01.HDR.2160p.WEB.h265-NiXON/Servant.S01E09.HDR.2160p.WEB.h265-NiXON.mkv,1,9,8068860,
455,540,1080,0,89,128,315,89,8814,0.015,4.523619216983207,44784,/home/amos/media/tv/Servant.S01.HDR.2160p.WEB.h265-NiXON/Servant.S01E09.HDR.2160p.WEB.h265-NiXON.mkv,1,9,8068860,
456,540,1080,1,90,379,531,90,127449,0.219,5.441996078181546,44784,/home/amos/media/tv/Servant.S01.HDR.2160p.WEB.h265-NiXON/Servant.S01E09.HDR.2160p.WEB.h265-NiXON.mkv,1,9,8068860,
457,540,1080,0,92,2,523,92,38790,0.067,4.540529160702135,44808,/home/amos/media/tv/Servant.S01.HDR.2160p.WEB.h265-NiXON/Servant.S01E09.HDR.2160p.WEB.h265-NiXON.mkv,1,9,8068860,
458,540,1080,0,63,363,368,63,91500,0.157,8.150736105570104,45096,/home/amos/media/tv/Servant.S01.HDR.2160p.WEB.h265-NiXON/Servant.S01E09.HDR.2160p.WEB.h265-NiXON.mkv,1,9,8068860,
459,540,1080,0,61,364,373,61,94536,0.162,9.894637086370494,45120,/home/amos/media/tv/Servant.S01.HDR.2160p.WEB.h265-NiXON/Servant.S01E09.HDR.2160p.WEB.h265-NiXON.mkv,1,9,8068860,
460,540,1080,0,61,365,374,61,95152,0.163,9.121121021860745,45144,/home/amos/media/tv/Servant.S01.HDR.2160p.WEB.h265-NiXON/Servant.S01E09.HDR.2160p.WEB.h265-NiXON.mkv,1,9,8068860,
461,540,1080,0,61,365,374,61,95152,0.163,9.709283030533696,45168,/home/amos/media/tv/Servant.S01.HDR.2160p.WEB.h265-NiXON/Servant.S01E09.HDR.2160p.WEB.h265-NiXON.mkv,1,9,8068860,
462,540,1080,0,62,365,373,62,94233,0.162,8.256556059175637,45192,/home/amos/media/tv/Servant.S01.HDR.2160p.WEB.h265-NiXON/Servant.S01E09.HDR.2160p.WEB.h265-NiXON.mkv,1,9,8068860,
463,540,1080,0,434,12,392,434,17724,0.03,5.7933860894991085,45768,/home/amos/media/tv/Servant.S01.HDR.2160p.WEB.h265-NiXON/Servant.S01E09.HDR.2160p.WEB.h265-NiXON.mkv,1,9,8068860,
464,540,1080,0,404,9,427,404,9085,0.016,4.056955088803079,45792,/home/amos/media/tv/Servant.S01.HDR.2160p.WEB.h265-NiXON/Servant.S01E09.HDR.2160p.WEB.h265-NiXON.mkv,1,9,8068860,
465,540,1080,0,409,6,421,409,4836,0.008,6.207963114778977,45816,/home/amos/media/tv/Servant.S01.HDR.2160p.WEB.h265-NiXON/Servant.S01E09.HDR.2160p.WEB.h265-NiXON.mkv,1,9,8068860,
466,540,1080,0,400,6,426,400,10244,0.018,5.647220049460884,45840,/home/amos/media/tv/Servant.S01.HDR.2160p.WEB.h265-NiXON/Servant.S01E09.HDR.2160p.WEB.h265-NiXON.mkv,1,9,8068860,
467,540,1080,0,414,12,411,414,1206,0.002,5.965892858046573,46080,/home/amos/media/tv/Servant.S01.HDR.2160p.WEB.h265-NiXON/Servant.S01E09.HDR.2160p.WEB.h265-NiXON.mkv,1,9,8068860,
468,540,1080,0,423,19,409,423,5656,0.01,7.483866082911845,46104,/home/amos/media/tv/Servant.S01.HDR.2160p.WEB.h265-NiXON/Servant.S01E09.HDR.2160p.WEB.h265-NiXON.mkv,1,9,8068860,
469,540,1080,0,429,18,404,429,10275,0.018,5.976073056343012,46128,/home/amos/media/tv/Servant.S01.HDR.2160p.WEB.h265-NiXON/Servant.S01E09.HDR.2160p.WEB.h265-NiXON.mkv,1,9,8068860,
470,540,1080,0,414,22,408,414,2352,0.004,7.26078309759032,46152,/home/amos/media/tv/Servant.S01.HDR.2160p.WEB.h265-NiXON/Servant.S01E09.HDR.2160p.WEB.h265-NiXON.mkv,1,9,8068860,
471,540,1080,0,417,19,412,417,1990,0.003,6.9666730784229,46176,/home/amos/media/tv/Servant.S01.HDR.2160p.WEB.h265-NiXON/Servant.S01E09.HDR.2160p.WEB.h265-NiXON.mkv,1,9,8068860,
472,540,1080,0,407,14,419,407,4716,0.008,6.683707076997962,46200,/home/amos/media/tv/Servant.S01.HDR.2160p.WEB.h265-NiXON/Servant.S01E09.HDR.2160p.WEB.h265-NiXON.mkv,1,9,8068860,
473,540,1080,0,412,13,417,412,1995,0.003,7.556377060653176,46224,/home/amos/media/tv/Servant.S01.HDR.2160p.WEB.h265-NiXON/Servant.S01E09.HDR.2160p.WEB.h265-NiXON.mkv,1,9,8068860,
474,540,1080,0,423,11,413,423,4120,0.007,6.0598230044706725,46248,/home/amos/media/tv/Servant.S01.HDR.2160p.WEB.h265-NiXON/Servant.S01E09.HDR.2160p.WEB.h265-NiXON.mkv,1,9,8068860,
475,540,1080,0,399,15,427,399,10752,0.018,5.153685030003544,46320,/home/amos/media/tv/Servant.S01.HDR.2160p.WEB.h265-NiXON/Servant.S01E09.HDR.2160p.WEB.h265-NiXON.mkv,1,9,8068860,
476,540,1080,0,408,13,425,408,6715,0.012,7.079961014853325,46344,/home/amos/media/tv/Servant.S01.HDR.2160p.WEB.h265-NiXON/Servant.S01E09.HDR.2160p.WEB.h265-NiXON.mkv,1,9,8068860,
477,540,1080,0,408,14,425,408,6698,0.011,6.249450086092111,46368,/home/amos/media/tv/Servant.S01.HDR.2160p.WEB.h265-NiXON/Servant.S01E09.HDR.2160p.WEB.h265-NiXON.mkv,1,9,8068860,
478,540,1080,0,415,13,418,415,1206,0.002,7.20741103508044,46392,/home/amos/media/tv/Servant.S01.HDR.2160p.WEB.h265-NiXON/Servant.S01E09.HDR.2160p.WEB.h265-NiXON.mkv,1,9,8068860,
479,540,1080,0,430,19,438,430,3288,0.006,9.695388996391555,46416,/home/amos/media/tv/Servant.S01.HDR.2160p.WEB.h265-NiXON/Servant.S01E09.HDR.2160p.WEB.h265-NiXON.mkv,1,9,8068860,
480,540,1080,0,437,60,381,437,21112,0.036,4.70679087669123,46584,/home/amos/media/tv/Servant.S01.HDR.2160p.WEB.h265-NiXON/Servant.S01E09.HDR.2160p.WEB.h265-NiXON.mkv,1,9,8068860,
481,540,1080,0,431,80,389,431,14742,0.025,8.3443130144733,46608,/home/amos/media/tv/Servant.S01.HDR.2160p.WEB.h265-NiXON/Servant.S01E09.HDR.2160p.WEB.h265-NiXON.mkv,1,9,8068860,
482,540,1080,0,432,75,392,432,14280,0.024,6.718996013398282,46632,/home/amos/media/tv/Servant.S01.HDR.2160p.WEB.h265-NiXON/Servant.S01E09.HDR.2160p.WEB.h265-NiXON.mkv,1,9,8068860,
483,540,1080,0,449,67,380,449,26358,0.045,8.147492002113722,46656,/home/amos/media/tv/Servant.S01.HDR.2160p.WEB.h265-NiXON/Servant.S01E09.HDR.2160p.WEB.h265-NiXON.mkv,1,9,8068860,
484,540,1080,0,444,68,384,444,22560,0.039,9.86460397101473,46680,/home/amos/media/tv/Servant.S01.HDR.2160p.WEB.h265-NiXON/Servant.S01E09.HDR.2160p.WEB.h265-NiXON.mkv,1,9,8068860,
485,540,1080,0,446,67,367,446,29941,0.051,9.688785937498324,46704,/home/amos/media/tv/Servant.S01.HDR.2160p.WEB.h265-NiXON/Servant.S01E09.HDR.2160p.WEB.h265-NiXON.mkv,1,9,8068860,
486,540,1080,0,455,66,383,455,28008,0.048,6.561181857367046,46728,/home/amos/media/tv/Servant.S01.HDR.2160p.WEB.h265-NiXON/Servant.S01E09.HDR.2160p.WEB.h265-NiXON.mkv,1,9,8068860,
487,540,1080,0,447,67,390,447,21660,0.037,6.716176969115622,46752,/home/amos/media/tv/Servant.S01.HDR.2160p.WEB.h265-NiXON/Servant.S01E09.HDR.2160p.WEB.h265-NiXON.mkv,1,9,8068860,
488,540,1080,0,467,39,315,467,65056,0.112,9.229036978329532,46944,/home/amos/media/tv/Servant.S01.HDR.2160p.WEB.h265-NiXON/Servant.S01E09.HDR.2160p.WEB.h265-NiXON.mkv,1,9,8068860,
489,540,1080,0,458,17,321,458,60417,0.104,5.318191115686204,46968,/home/amos/media/tv/Servant.S01.HDR.2160p.WEB.h265-NiXON/Servant.S01E09.HDR.2160p.WEB.h265-NiXON.mkv,1,9,8068860,
490,540,1080,0,431,20,376,431,22605,0.039,8.899732092046179,47256,/home/amos/media/tv/Servant.S01.HDR.2160p.WEB.h265-NiXON/Servant.S01E09.HDR.2160p.WEB.h265-NiXON.mkv,1,9,8068860,
491,540,1080,0,439,4,369,439,30450,0.052,3.5596541120903566,47280,/home/amos/media/tv/Servant.S01.HDR.2160p.WEB.h265-NiXON/Servant.S01E09.HDR.2160p.WEB.h265-NiXON.mkv,1,9,8068860,
492,540,1080,0,414,11,395,414,7657,0.013,4.207676022429951,47304,/home/amos/media/tv/Servant.S01.HDR.2160p.WEB.h265-NiXON/Servant.S01E09.HDR.2160p.WEB.h265-NiXON.mkv,1,9,8068860,
493,540,1080,0,405,11,410,405,1970,0.003,4.530650027736556,47424,/home/amos/media/tv/Servant.S01.HDR.2160p.WEB.h265-NiXON/Servant.S01E09.HDR.2160p.WEB.h265-NiXON.mkv,1,9,8068860,
494,540,1080,0,407,7,404,407,1200,0.002,4.972110016213264,47472,/home/amos/media/tv/Servant.S01.HDR.2160p.WEB.h265-NiXON/Servant.S01E09.HDR.2160p.WEB.h265-NiXON.mkv,1,9,8068860,
495,540,1080,0,423,8,391,423,13280,0.023,5.182386973989196,47544,/home/amos/media/tv/Servant.S01.HDR.2160p.WEB.h265-NiXON/Servant.S01E09.HDR.2160p.WEB.h265-NiXON.mkv,1,9,8068860,
496,540,1080,0,426,8,384,426,17556,0.03,6.653585068124812,48216,/home/amos/media/tv/Servant.S01.HDR.2160p.WEB.h265-NiXON/Servant.S01E09.HDR.2160p.WEB.h265-NiXON.mkv,1,9,8068860,
497,540,1080,0,435,12,375,435,25380,0.044,6.837826127593871,48240,/home/amos/media/tv/Servant.S01.HDR.2160p.WEB.h265-NiXON/Servant.S01E09.HDR.2160p.WEB.h265-NiXON.mkv,1,9,8068860,
498,540,1080,0,447,15,352,447,41040,0.07,6.57392208382953,48504,/home/amos/media/tv/Servant.S01.HDR.2160p.WEB.h265-NiXON/Servant.S01E09.HDR.2160p.WEB.h265-NiXON.mkv,1,9,8068860,
499,540,1080,0,441,12,365,441,32604,0.056,6.436696062912233,48528,/home/amos/media/tv/Servant.S01.HDR.2160p.WEB.h265-NiXON/Servant.S01E09.HDR.2160p.WEB.h265-NiXON.mkv,1,9,8068860,
500,540,1080,0,427,16,372,427,22605,0.039,8.60821505554486,48552,/home/amos/media/tv/Servant.S01.HDR.2160p.WEB.h265-NiXON/Servant.S01E09.HDR.2160p.WEB.h265-NiXON.mkv,1,9,8068860,
501,540,1080,0,424,13,376,424,19728,0.034,5.817401035572402,48576,/home/amos/media/tv/Servant.S01.HDR.2160p.WEB.h265-NiXON/Servant.S01E09.HDR.2160p.WEB.h265-NiXON.mkv,1,9,8068860,
502,540,1080,0,446,9,375,446,31027,0.053,6.563661088352092,48600,/home/amos/media/tv/Servant.S01.HDR.2160p.WEB.h265-NiXON/Servant.S01E09.HDR.2160p.WEB.h265-NiXON.mkv,1,9,8068860,
503,540,1080,0,410,12,414,410,1592,0.003,6.299182087997906,48744,/home/amos/media/tv/Servant.S01.HDR.2160p.WEB.h265-NiXON/Servant.S01E09.HDR.2160p.WEB.h265-NiXON.mkv,1,9,8068860,
504,540,1080,0,413,7,404,413,3654,0.006,6.147151064535137,48768,/home/amos/media/tv/Servant.S01.HDR.2160p.WEB.h265-NiXON/Servant.S01E09.HDR.2160p.WEB.h265-NiXON.mkv,1,9,8068860,
505,540,1080,0,401,9,419,401,7056,0.012,5.2628270259010606,48792,/home/amos/media/tv/Servant.S01.HDR.2160p.WEB.h265-NiXON/Servant.S01E09.HDR.2160p.WEB.h265-NiXON.mkv,1,9,8068860,
506,540,1080,0,414,3,409,414,2055,0.004,5.295473076053895,48816,/home/amos/media/tv/Servant.S01.HDR.2160p.WEB.h265-NiXON/Servant.S01E09.HDR.2160p.WEB.h265-NiXON.mkv,1,9,8068860,
507,540,1080,0,423,12,386,423,15207,0.026,5.411140123556834,48960,/home/amos/media/tv/Servant.S01.HDR.2160p.WEB.h265-NiXON/Servant.S01E09.HDR.2160p.WEB.h265-NiXON.mkv,1,9,8068860,
508,540,1080,0,410,8,395,410,6030,0.01,4.862055126752239,48984,/home/amos/media/tv/Servant.S01.HDR.2160p.WEB.h265-NiXON/Servant.S01E09.HDR.2160p.WEB.h265-NiXON.mkv,1,9,8068860,
509,540,1080,0,420,3,388,420,13344,0.023,4.69681512232637,49008,/home/amos/media/tv/Servant.S01.HDR.2160p.WEB.h265-NiXON/Servant.S01E09.HDR.2160p.WEB.h265-NiXON.mkv,1,9,8068860,
510,540,1080,0,416,3,385,416,12803,0.022,4.374117115919944,49032,/home/amos/media/tv/Servant.S01.HDR.2160p.WEB.h265-NiXON/Servant.S01E09.HDR.2160p.WEB.h265-NiXON.mkv,1,9,8068860,
511,540,1080,0,67,220,593,67,80478,0.138,4.275692167866509,49752,/home/amos/media/tv/Servant.S01.HDR.2160p.WEB.h265-NiXON/Servant.S01E09.HDR.2160p.WEB.h265-NiXON.mkv,1,9,8068860,
512,540,1080,0,80,211,522,80,57902,0.099,4.900887009280268,49776,/home/amos/media/tv/Servant.S01.HDR.2160p.WEB.h265-NiXON/Servant.S01E09.HDR.2160p.WEB.h265-NiXON.mkv,1,9,8068860,
513,540,1080,0,206,81,451,206,30625,0.053,5.920374059060123,50136,/home/amos/media/tv/Servant.S01.HDR.2160p.WEB.h265-NiXON/Servant.S01E09.HDR.2160p.WEB.h265-NiXON.mkv,1,9,8068860,
514,540,1080,0,204,86,486,204,33276,0.057,8.104750138649251,50208,/home/amos/media/tv/Servant.S01.HDR.2160p.WEB.h265-NiXON/Servant.S01E09.HDR.2160p.WEB.h265-NiXON.mkv,1,9,8068860,
515,540,1080,0,214,70,471,214,37008,0.063,8.858283109439071,50232,/home/amos/media/tv/Servant.S01.HDR.2160p.WEB.h265-NiXON/Servant.S01E09.HDR.2160p.WEB.h265-NiXON.mkv,1,9,8068860,
516,540,1080,0,197,91,477,197,29680,0.051,8.22847906028619,50256,/home/amos/media/tv/Servant.S01.HDR.2160p.WEB.h265-NiXON/Servant.S01E09.HDR.2160p.WEB.h265-NiXON.mkv,1,9,8068860,
517,540,1080,0,68,172,545,68,49608,0.085,2.6147280348814093,50280,/home/amos/media/tv/Servant.S01.HDR.2160p.WEB.h265-NiXON/Servant.S01E09.HDR.2160p.WEB.h265-NiXON.mkv,1,9,8068860,
518,540,1080,1,114,222,594,114,51840,0.089,3.156884948082734,50280,/home/amos/media/tv/Servant.S01.HDR.2160p.WEB.h265-NiXON/Servant.S01E09.HDR.2160p.WEB.h265-NiXON.mkv,1,9,8068860,
519,540,1080,0,74,167,582,74,47244,0.081,4.550256019632798,50304,/home/amos/media/tv/Servant.S01.HDR.2160p.WEB.h265-NiXON/Servant.S01E09.HDR.2160p.WEB.h265-NiXON.mkv,1,9,8068860,
520,540,1080,0,68,164,583,68,49440,0.085,7.054095175990369,50328,/home/amos/media/tv/Servant.S01.HDR.2160p.WEB.h265-NiXON/Servant.S01E09.HDR.2160p.WEB.h265-NiXON.mkv,1,9,8068860,
521,540,1080,0,74,168,541,74,43898,0.075,4.539600148273166,50352,/home/amos/media/tv/Servant.S01.HDR.2160p.WEB.h265-NiXON/Servant.S01E09.HDR.2160p.WEB.h265-NiXON.mkv,1,9,8068860,
522,540,1080,0,226,110,469,226,28188,0.048,9.110420040029569,50376,/home/amos/media/tv/Servant.S01.HDR.2160p.WEB.h265-NiXON/Servant.S01E09.HDR.2160p.WEB.h265-NiXON.mkv,1,9,8068860,
523,540,1080,0,223,110,458,223,26555,0.046,10.304615017899778,50400,/home/amos/media/tv/Servant.S01.HDR.2160p.WEB.h265-NiXON/Servant.S01E09.HDR.2160p.WEB.h265-NiXON.mkv,1,9,8068860,
524,540,1080,0,221,113,462,221,26028,0.045,9.284745008859318,50424,/home/amos/media/tv/Servant.S01.HDR.2160p.WEB.h265-NiXON/Servant.S01E09.HDR.2160p.WEB.h265-NiXON.mkv,1,9,8068860,
525,540,1080,0,229,111,475,229,29028,0.05,9.16008005029289,50448,/home/amos/media/tv/Servant.S01.HDR.2160p.WEB.h265-NiXON/Servant.S01E09.HDR.2160p.WEB.h265-NiXON.mkv,1,9,8068860,
526,540,1080,0,220,121,437,220,21483,0.037,8.450649067002814,50472,/home/amos/media/tv/Servant.S01.HDR.2160p.WEB.h265-NiXON/Servant.S01E09.HDR.2160p.WEB.h265-NiXON.mkv,1,9,8068860,
527,540,1080,0,215,131,420,215,17220,0.03,6.138834073150065,50496,/home/amos/media/tv/Servant.S01.HDR.2160p.WEB.h265-NiXON/Servant.S01E09.HDR.2160p.WEB.h265-NiXON.mkv,1,9,8068860,
528,540,1080,0,221,131,412,221,17190,0.029,6.196710143354721,50520,/home/amos/media/tv/Servant.S01.HDR.2160p.WEB.h265-NiXON/Servant.S01E09.HDR.2160p.WEB.h265-NiXON.mkv,1,9,8068860,
529,540,1080,0,60,170,562,60,55220,0.095,7.078839025401976,50544,/home/amos/media/tv/Servant.S01.HDR.2160p.WEB.h265-NiXON/Servant.S01E09.HDR.2160p.WEB.h265-NiXON.mkv,1,9,8068860,
530,540,1080,0,62,174,567,62,56560,0.097,4.680819100642111,50640,/home/amos/media/tv/Servant.S01.HDR.2160p.WEB.h265-NiXON/Servant.S01E09.HDR.2160p.WEB.h265-NiXON.mkv,1,9,8068860,
531,540,1080,0,63,172,575,63,55808,0.096,4.855874105298426,50664,/home/amos/media/tv/Servant.S01.HDR.2160p.WEB.h265-NiXON/Servant.S01E09.HDR.2160p.WEB.h265-NiXON.mkv,1,9,8068860,
532,540,1080,0,185,99,464,185,23994,0.041,7.141415105143096,50688,/home/amos/media/tv/Servant.S01.HDR.2160p.WEB.h265-NiXON/Servant.S01E09.HDR.2160p.WEB.h265-NiXON.mkv,1,9,8068860,
533,540,1080,0,191,97,461,191,25380,0.044,7.759898094634991,50712,/home/amos/media/tv/Servant.S01.HDR.2160p.WEB.h265-NiXON/Servant.S01E09.HDR.2160p.WEB.h265-NiXON.mkv,1,9,8068860,
534,540,1080,0,191,97,457,191,25004,0.043,10.392360041791108,50736,/home/amos/media/tv/Servant.S01.HDR.2160p.WEB.h265-NiXON/Servant.S01E09.HDR.2160p.WEB.h265-NiXON.mkv,1,9,8068860,
535,540,1080,0,199,98,460,199,26361,0.045,6.334397065395024,50760,/home/amos/media/tv/Servant.S01.HDR.2160p.WEB.h265-NiXON/Servant.S01E09.HDR.2160p.WEB.h265-NiXON.mkv,1,9,8068860,
536,540,1080,0,198,98,458,198,26000,0.045,6.903197110572364,50784,/home/amos/media/tv/Servant.S01.HDR.2160p.WEB.h265-NiXON/Servant.S01E09.HDR.2160p.WEB.h265-NiXON.mkv,1,9,8068860,
537,540,1080,0,192,102,464,192,24480,0.042,7.203837112465408,50808,/home/amos/media/tv/Servant.S01.HDR.2160p.WEB.h265-NiXON/Servant.S01E09.HDR.2160p.WEB.h265-NiXON.mkv,1,9,8068860,
538,540,1080,0,196,99,458,196,25414,0.044,11.473839084559586,50832,/home/amos/media/tv/Servant.S01.HDR.2160p.WEB.h265-NiXON/Servant.S01E09.HDR.2160p.WEB.h265-NiXON.mkv,1,9,8068860,
539,540,1080,0,192,105,453,192,22707,0.039,6.870625113311689,50856,/home/amos/media/tv/Servant.S01.HDR.2160p.WEB.h265-NiXON/Servant.S01E09.HDR.2160p.WEB.h265-NiXON.mkv,1,9,8068860,
540,540,1080,0,192,106,445,192,21758,0.037,8.378803002822679,50880,/home/amos/media/tv/Servant.S01.HDR.2160p.WEB.h265-NiXON/Servant.S01E09.HDR.2160p.WEB.h265-NiXON.mkv,1,9,8068860,
541,540,1080,0,184,113,440,184,18176,0.031,8.303649016597774,50904,/home/amos/media/tv/Servant.S01.HDR.2160p.WEB.h265-NiXON/Servant.S01E09.HDR.2160p.WEB.h265-NiXON.mkv,1,9,8068860,
542,540,1080,0,202,114,415,202,18744,0.032,4.0801971346954815,50928,/home/amos/media/tv/Servant.S01.HDR.2160p.WEB.h265-NiXON/Servant.S01E09.HDR.2160p.WEB.h265-NiXON.mkv,1,9,8068860,
543,540,1080,0,181,111,385,181,14280,0.024,2.887905132898595,51072,/home/amos/media/tv/Servant.S01.HDR.2160p.WEB.h265-NiXON/Servant.S01E09.HDR.2160p.WEB.h265-NiXON.mkv,1,9,8068860,
544,540,1080,0,81,172,458,81,34307,0.059,5.509551124356221,51096,/home/amos/media/tv/Servant.S01.HDR.2160p.WEB.h265-NiXON/Servant.S01E09.HDR.2160p.WEB.h265-NiXON.mkv,1,9,8068860,
545,540,1080,0,198,245,93,198,4935,0.008,3.60774296981981,51168,/home/amos/media/tv/Servant.S01.HDR.2160p.WEB.h265-NiXON/Servant.S01E09.HDR.2160p.WEB.h265-NiXON.mkv,1,9,8068860,
546,540,1080,0,76,88,489,76,4956,0.008,3.285982037545182,52248,/home/amos/media/tv/Servant.S01.HDR.2160p.WEB.h265-NiXON/Servant.S01E09.HDR.2160p.WEB.h265-NiXON.mkv,1,9,8068860,
